"Вид отклонения","Результат проверки","Дата и время регистрации отклонения","Товарная группа","Субъект","Адрес места фиксации отклонения","Номер документа","Код","Идентификатор ВСД","Регистрационный номер ККТ (из чека)","Дата и время выполнения операции, в результате которой было выявлено отклонение","ИНН участника","Номер отклонения","Нивелировано","Объем из ВСД","Единицы измерения из ВСД","Объем из ГИС МТ","Единицы измерения из ГИС МТ","Разницы между объемами","Единицы измерения разницы","% превышения","GTIN","Идентификатор ФИАС","Муниципальный округ","Фискальный номер накопителя из чека операции","Проверка РР"
"Выбытие товара с превышением объема по ВСД","Выбыл из оборота товар с превышением объема по ВСД","2025-06-15 16:21:54","Молочная продукция","Республика Саха (Якутия) ","Респ Саха /Якутия/, г Якутск, ш Хатын-Юряхское, 9","144407284440700591143482","0104620021194241215Xlg:*",,"","2025-06-15 19:15:00","2724187340","909c6e0b-3ed6-4e51-a596-7cac72660f37","Нет",,,,,,,,"04620021194241","7d94d3a1-9883-402a-9381-10940f73995d","Якутск","7284440700591143","Нет"
"Выбытие товара с превышением объема по ВСД","Выбыл из оборота товар с превышением объема по ВСД","2025-06-15 15:58:52","Молочная продукция","Хабаровский край","Хабаровский край, г Хабаровск, ул Руднева, 71Б","646437284440700591736482","0104660214292538215+!Bnj",,"","2025-06-15 19:55:00","2724187340","aeefc04b-79e2-4813-aec3-547e35e4cbaf","Нет",,,,,,,,"04660214292538","35fac39b-84a7-4d84-96fd-20287b463f51","Хабаровск","7284440700591736","Нет"
"Выбытие товара с превышением объема по ВСД","Выбыл из оборота товар с превышением объема по ВСД","2025-06-15 15:58:52","Молочная продукция","Хабаровский край","Хабаровский край, г Хабаровск, ул Руднева, 71Б","646447284440700591736482","0104660214292538215.sXms",,"","2025-06-15 19:55:00","2724187340","94093dd7-374a-4e23-902e-5ebbfa072e45","Нет",,,,,,,,"04660214292538","35fac39b-84a7-4d84-96fd-20287b463f51","Хабаровск","7284440700591736","Нет"
"Выбытие товара с превышением объема по ВСД","Выбыл из оборота товар с превышением объема по ВСД","2025-06-15 15:54:39","Молочная продукция","Республика Саха (Якутия) ","Респ Саха /Якутия/, г Якутск, пр-кт Михаила Николаева, 28","161767281440500535825482","0104620021194241215ntrI/",,"","2025-06-15 18:49:00","2724187340","81d4614e-c976-4484-9545-4b6d86f7ee83","Нет",,,,,,,,"04620021194241","6f2022a8-5e82-4f78-bf15-442c30698a0a","Якутск","7281440500535825","Нет"
"Выбытие товара с превышением объема по ВСД","Выбыл из оборота товар с превышением объема по ВСД","2025-06-15 15:54:39","Молочная продукция","Республика Саха (Якутия) ","Респ Саха /Якутия/, г Якутск, пр-кт Михаила Николаева, 28","161767281440500535825482","0104620021194241215KRQjy",,"","2025-06-15 18:49:00","2724187340","2104ae99-16df-44d1-814b-f1fd8e63c673","Нет",,,,,,,,"04620021194241","6f2022a8-5e82-4f78-bf15-442c30698a0a","Якутск","7281440500535825","Нет"
"Выбытие товара с превышением объема по ВСД","Выбыл из оборота товар с превышением объема по ВСД","2025-06-15 15:49:38","Молочная продукция","Республика Саха (Якутия) ","Респ Саха /Якутия/, г Якутск, ул Авиаторов, 21","9387380440801745847482","0104620021194241215Do6C'",,"","2025-06-15 18:45:00","2724187340","c8a876c2-3dd7-494d-8f31-5311a1960032","Нет",,,,,,,,"04620021194241","2766d060-57c9-4f57-b5a7-42d0d561c6c9","Якутск","7380440801745847","Нет"
"Выбытие товара с превышением объема по ВСД","Выбыл из оборота товар с превышением объема по ВСД","2025-06-15 15:47:11","Молочная продукция","Хабаровский край","Хабаровский край, г Комсомольск-на-Амуре, ул Кирова, 54","550027284440700591572482","0104660214292545215L>aig",,"","2025-06-15 19:42:00","2724187340","6b4812eb-f485-44a8-8a0c-95fe4a704e83","Нет",,,,,,,,"04660214292545","057468af-0b8e-41bb-bd13-8564e6048ecc","Комсомольск-на-Амуре","7284440700591572","Нет"
"Выбытие товара с превышением объема по ВСД","Выбыл из оборота товар с превышением объема по ВСД","2025-06-15 15:47:11","Молочная продукция","Хабаровский край","Хабаровский край, г Комсомольск-на-Амуре, ул Кирова, 54","550027284440700591572482","0104660214292545215L1yMo",,"","2025-06-15 19:42:00","2724187340","695e52e2-0751-4902-97f2-3b0c010d92db","Нет",,,,,,,,"04660214292545","057468af-0b8e-41bb-bd13-8564e6048ecc","Комсомольск-на-Амуре","7284440700591572","Нет"
"Выбытие товара с превышением объема по ВСД","Выбыл из оборота товар с превышением объема по ВСД","2025-06-15 15:47:11","Молочная продукция","Хабаровский край","Хабаровский край, г Комсомольск-на-Амуре, ул Кирова, 54","550027284440700591572482","0104660214292538215<rQfK",,"","2025-06-15 19:42:00","2724187340","4b47090f-eac3-48c7-b089-4020449db0a0","Нет",,,,,,,,"04660214292538","057468af-0b8e-41bb-bd13-8564e6048ecc","Комсомольск-на-Амуре","7284440700591572","Нет"
"Выбытие товара с превышением объема по ВСД","Выбыл из оборота товар с превышением объема по ВСД","2025-06-15 15:47:11","Молочная продукция","Хабаровский край","Хабаровский край, г Комсомольск-на-Амуре, ул Кирова, 54","550027284440700591572482","0104660214292538215<Sf+l",,"","2025-06-15 19:42:00","2724187340","225957ef-430e-4620-ac8f-661c13777bb6","Нет",,,,,,,,"04660214292538","057468af-0b8e-41bb-bd13-8564e6048ecc","Комсомольск-на-Амуре","7284440700591572","Нет"
"Выбытие товара с превышением объема по ВСД","Выбыл из оборота товар с превышением объема по ВСД","2025-06-15 15:47:10","Молочная продукция","Республика Саха (Якутия) ","Респ Саха /Якутия/, г Якутск, пр-кт Михаила Николаева, 28","171777281440500535831482","0104620021194241215mP'Vp",,"","2025-06-15 18:42:00","2724187340","25206476-efa4-4bd1-b419-1da591007bca","Нет",,,,,,,,"04620021194241","6f2022a8-5e82-4f78-bf15-442c30698a0a","Якутск","7281440500535831","Нет"
"Выбытие товара с превышением объема по ВСД","Выбыл из оборота товар с превышением объема по ВСД","2025-06-15 15:37:22","Молочная продукция","Хабаровский край","Хабаровский край, г Комсомольск-на-Амуре, ул Вокзальная, 32, литера в","353127284440700591167482","0104660214292545215oFJ1J",,"","2025-06-15 19:32:00","2724187340","ab641c4c-9198-4ca8-9027-58ef9e006372","Нет",,,,,,,,"04660214292545","74e74b13-3b7c-4ca6-b454-68632d3a4d0d","Комсомольск-на-Амуре","7284440700591167","Нет"
"Выбытие товара с превышением объема по ВСД","Выбыл из оборота товар с превышением объема по ВСД","2025-06-15 15:37:22","Молочная продукция","Хабаровский край","Хабаровский край, г Комсомольск-на-Амуре, ул Вокзальная, 32, литера в","353127284440700591167482","0104660214292545215raPGG",,"","2025-06-15 19:32:00","2724187340","6beb755f-edc5-421c-bad4-11cb524fd3cc","Нет",,,,,,,,"04660214292545","74e74b13-3b7c-4ca6-b454-68632d3a4d0d","Комсомольск-на-Амуре","7284440700591167","Нет"
"Выбытие товара с превышением объема по ВСД","Выбыл из оборота товар с превышением объема по ВСД","2025-06-15 15:27:11","Молочная продукция","Хабаровский край","Хабаровский край, г Комсомольск-на-Амуре, ул Аллея Труда, 8","379057284440700591184482","0104660214292545215""((8""",,"","2025-06-15 19:22:00","2724187340","534d4451-5be2-418b-99dc-6f6713e019e8","Нет",,,,,,,,"04660214292545","f94009ca-a2e0-4fac-afd1-5656b9731626","Комсомольск-на-Амуре","7284440700591184","Нет"
"Выбытие товара с превышением объема по ВСД","Выбыл из оборота товар с превышением объема по ВСД","2025-06-15 15:27:11","Молочная продукция","Хабаровский край","Хабаровский край, г Комсомольск-на-Амуре, ул Аллея Труда, 8","379057284440700591184482","0104660214292538215d.QTp",,"","2025-06-15 19:22:00","2724187340","a17b922e-44dc-4a2c-bdd2-8a589f7909f3","Нет",,,,,,,,"04660214292538","f94009ca-a2e0-4fac-afd1-5656b9731626","Комсомольск-на-Амуре","7284440700591184","Нет"
"Выбытие товара с превышением объема по ВСД","Выбыл из оборота товар с превышением объема по ВСД","2025-06-15 15:27:11","Молочная продукция","Хабаровский край","Хабаровский край, г Комсомольск-на-Амуре, ул Аллея Труда, 8","379057284440700591184482","0104660214292545215'VrAQ",,"","2025-06-15 19:22:00","2724187340","6b9b4274-77aa-461a-8fc9-bb64669ee134","Нет",,,,,,,,"04660214292545","f94009ca-a2e0-4fac-afd1-5656b9731626","Комсомольск-на-Амуре","7284440700591184","Нет"
"Выбытие товара с превышением объема по ВСД","Выбыл из оборота товар с превышением объема по ВСД","2025-06-15 15:27:11","Молочная продукция","Хабаровский край","Хабаровский край, г Комсомольск-на-Амуре, ул Аллея Труда, 8","379057284440700591184482","0104660214292538215d0&+X",,"","2025-06-15 19:22:00","2724187340","1636d88c-2167-4610-8914-887a33f6e206","Нет",,,,,,,,"04660214292538","f94009ca-a2e0-4fac-afd1-5656b9731626","Комсомольск-на-Амуре","7284440700591184","Нет"
"Выбытие товара с превышением объема по ВСД","Выбыл из оборота товар с превышением объема по ВСД","2025-06-15 15:27:11","Молочная продукция","Хабаровский край","Хабаровский край, г Комсомольск-на-Амуре, ул Аллея Труда, 8","379057284440700591184482","0104660214292545215&Jao8",,"","2025-06-15 19:22:00","2724187340","b63db935-86c7-48ab-bca8-6d5d94c97a92","Нет",,,,,,,,"04660214292545","f94009ca-a2e0-4fac-afd1-5656b9731626","Комсомольск-на-Амуре","7284440700591184","Нет"
"Выбытие товара с превышением объема по ВСД","Выбыл из оборота товар с превышением объема по ВСД","2025-06-15 15:27:11","Молочная продукция","Хабаровский край","Хабаровский край, г Комсомольск-на-Амуре, ул Аллея Труда, 8","379057284440700591184482","0104660214292545215'M5IU",,"","2025-06-15 19:22:00","2724187340","d7d8e947-9149-4ba6-892d-9b69894c8655","Нет",,,,,,,,"04660214292545","f94009ca-a2e0-4fac-afd1-5656b9731626","Комсомольск-на-Амуре","7284440700591184","Нет"
"Выбытие товара с превышением объема по ВСД","Выбыл из оборота товар с превышением объема по ВСД","2025-06-15 15:16:38","Молочная продукция","Хабаровский край","Хабаровский край, г Комсомольск-на-Амуре, ул Вокзальная, 32, литера в","289427284440700591047482","0104660214292538215Y:QS4",,"","2025-06-15 19:12:00","2724187340","48c65652-4d22-48ed-9cbe-7da7d1b2fb25","Нет",,,,,,,,"04660214292538","74e74b13-3b7c-4ca6-b454-68632d3a4d0d","Комсомольск-на-Амуре","7284440700591047","Нет"
"Выбытие товара с превышением объема по ВСД","Выбыл из оборота товар с превышением объема по ВСД","2025-06-15 15:05:14","Молочная продукция","Республика Саха (Якутия) ","Респ Саха /Якутия/, г Якутск, ш Хатын-Юряхское, 9","144237284440700591143482","0104620021194241215yeaAD",,"","2025-06-15 18:00:00","2724187340","ff5f6651-0f64-42e3-bf1b-f2fc3c62d2be","Нет",,,,,,,,"04620021194241","7d94d3a1-9883-402a-9381-10940f73995d","Якутск","7284440700591143","Нет"
"Выбытие товара с превышением объема по ВСД","Выбыл из оборота товар с превышением объема по ВСД","2025-06-15 14:50:07","Молочная продукция","Хабаровский край","Хабаровский край, г Комсомольск-на-Амуре, ул Кирова, 54","88047380440801739254482","0104660214292545215jKqMu",,"","2025-06-15 18:45:00","2724187340","1de97017-eb5a-43eb-b128-8d4b420b3afb","Нет",,,,,,,,"04660214292545","057468af-0b8e-41bb-bd13-8564e6048ecc","Комсомольск-на-Амуре","7380440801739254","Нет"
"Повторные продажи у разных продавцов","Повторные продажи у разных продавцов","2025-06-15 14:50:06","Молочная продукция","Республика Саха (Якутия) ","Респ Саха /Якутия/, г Якутск, пр-кт Михаила Николаева, 28","159007281440500535825482","0104620021194234215v6s)<",,"","2025-06-14 14:33:00","2724187340","6bebc1e6-b95e-48da-a8c5-c0a67a26db66","Нет",,,,,,,,"04620021194234","6f2022a8-5e82-4f78-bf15-442c30698a0a","Якутск","7281440500535825","Да"
"Повторные продажи у разных продавцов","Повторные продажи у разных продавцов","2025-06-15 14:36:45","Молочная продукция","Республика Саха (Якутия) ","Респ Саха /Якутия/, г Якутск, пр-кт Михаила Николаева, 28","159007281440500535825482","0104660105724650215q6eQP",,"","2025-06-14 14:33:00","2724187340","78ccb803-a98d-40a5-8c55-7717d4ab317e","Нет",,,,,,,,"04660105724650","6f2022a8-5e82-4f78-bf15-442c30698a0a","Якутск","7281440500535825","Да"
"Повторные продажи у разных продавцов","Повторные продажи у разных продавцов","2025-06-15 14:36:45","Молочная продукция","Республика Саха (Якутия) ","Респ Саха /Якутия/, г Якутск, пр-кт Михаила Николаева, 28","159007281440500535825482","0104660105724650215q6fQB",,"","2025-06-14 14:33:00","2724187340","501bbe40-2e42-4dac-8cbf-15089e938f28","Нет",,,,,,,,"04660105724650","6f2022a8-5e82-4f78-bf15-442c30698a0a","Якутск","7281440500535825","Да"
"Повторные продажи у разных продавцов","Повторные продажи у разных продавцов","2025-06-15 14:36:45","Молочная продукция","Республика Саха (Якутия) ","Респ Саха /Якутия/, г Якутск, пр-кт Михаила Николаева, 28","159007281440500535825482","0104660105724650215Q4M""e",,"","2025-06-14 14:33:00","2724187340","66c45e0f-884c-4f53-beaa-61c6f0ffe75e","Нет",,,,,,,,"04660105724650","6f2022a8-5e82-4f78-bf15-442c30698a0a","Якутск","7281440500535825","Да"
"Выбытие товара с превышением объема по ВСД","Выбыл из оборота товар с превышением объема по ВСД","2025-06-15 14:27:09","Молочная продукция","Хабаровский край","Хабаровский край, Хабаровский р-н, с Ильинка, пер Гаражный, 1","35957380440801739207482","01046602142925452150KVKE",,"","2025-06-15 18:22:00","2724187340","1fb4eb85-edf3-4d2c-8c60-64f8a3213630","Нет",,,,,,,,"04660214292545","75dcf013-55a2-4124-9b53-0ac622103bae","Хабаровский","7380440801739207","Нет"
"Выбытие товара с превышением объема по ВСД","Выбыл из оборота товар с превышением объема по ВСД","2025-06-15 14:19:56","Молочная продукция","Хабаровский край","Хабаровский край, г Комсомольск-на-Амуре, ул Кирова, 54","87937380440801739254482","0104660214292545215Jlczj",,"","2025-06-15 18:13:00","2724187340","0e9fdf40-5bf8-4dd5-a013-6260cb495b01","Нет",,,,,,,,"04660214292545","057468af-0b8e-41bb-bd13-8564e6048ecc","Комсомольск-на-Амуре","7380440801739254","Нет"
"Выбытие товара с превышением объема по ВСД","Выбыл из оборота товар с превышением объема по ВСД","2025-06-15 14:19:56","Молочная продукция","Хабаровский край","Хабаровский край, г Комсомольск-на-Амуре, ул Кирова, 54","87937380440801739254482","0104660214292545215JnxG'",,"","2025-06-15 18:13:00","2724187340","d031bbdc-e6b3-4233-a0e0-0c19a272eb1a","Нет",,,,,,,,"04660214292545","057468af-0b8e-41bb-bd13-8564e6048ecc","Комсомольск-на-Амуре","7380440801739254","Нет"
"Повторные продажи у разных продавцов","Повторные продажи у разных продавцов","2025-06-15 14:12:33","Молочная продукция","Республика Саха (Якутия) ","Респ Саха /Якутия/, г Якутск, пр-кт Михаила Николаева, 28","159007281440500535825482","0104660105724650215q3YGR",,"","2025-06-14 14:33:00","2724187340","c69c4e4d-3199-489e-a5fc-036a3e4bd7db","Нет",,,,,,,,"04660105724650","6f2022a8-5e82-4f78-bf15-442c30698a0a","Якутск","7281440500535825","Да"
"Повторные продажи у разных продавцов","Повторные продажи у разных продавцов","2025-06-15 14:12:33","Молочная продукция","Республика Саха (Якутия) ","Респ Саха /Якутия/, г Якутск, пр-кт Михаила Николаева, 28","159007281440500535825482","0104660105724650215Q4rhi",,"","2025-06-14 14:33:00","2724187340","b81bb6e5-102b-44cb-a529-3db6818ddcc6","Нет",,,,,,,,"04660105724650","6f2022a8-5e82-4f78-bf15-442c30698a0a","Якутск","7281440500535825","Да"
"Повторные продажи у разных продавцов","Повторные продажи у разных продавцов","2025-06-15 14:12:33","Молочная продукция","Республика Саха (Якутия) ","Респ Саха /Якутия/, г Якутск, пр-кт Михаила Николаева, 28","159007281440500535825482","0104660105724650215Q3SXq",,"","2025-06-14 14:33:00","2724187340","f0ec06bd-9451-4428-a511-d5c91f011b50","Нет",,,,,,,,"04660105724650","6f2022a8-5e82-4f78-bf15-442c30698a0a","Якутск","7281440500535825","Да"
"Повторные продажи у разных продавцов","Повторные продажи у разных продавцов","2025-06-15 14:12:33","Молочная продукция","Республика Саха (Якутия) ","Респ Саха /Якутия/, г Якутск, пр-кт Михаила Николаева, 28","159007281440500535825482","0104660105724650215q4yoG",,"","2025-06-14 14:33:00","2724187340","d3712e6a-1598-4a98-bc4f-d9073d4437f8","Нет",,,,,,,,"04660105724650","6f2022a8-5e82-4f78-bf15-442c30698a0a","Якутск","7281440500535825","Да"
"Повторные продажи у разных продавцов","Повторные продажи у разных продавцов","2025-06-15 14:12:33","Молочная продукция","Республика Саха (Якутия) ","Респ Саха /Якутия/, г Якутск, пр-кт Михаила Николаева, 28","159007281440500535825482","0104660105724650215Q3jj?",,"","2025-06-14 14:33:00","2724187340","48c14f88-efca-451b-856e-45c929c767e8","Нет",,,,,,,,"04660105724650","6f2022a8-5e82-4f78-bf15-442c30698a0a","Якутск","7281440500535825","Да"
"Продажа товара с некорректным статусом РД","Продажа товара с некорректным статусом РД","2025-06-15 14:10:00","Молочная продукция","Амурская область","Амурская обл, г Благовещенск, ул Мухина, 149","399367284440700613021482","0104650271282504215H?!DH",,"","2025-06-15 17:03:00","2724187340","be31a419-8165-4590-9b30-d8924507a0d9","Нет",,,,,,,,"04650271282504","624b4719-ebaf-451f-aa6a-c4e2ca5cd123","Благовещенск","7284440700613021","Да"
"Выбытие товара с превышением объема по ВСД","Выбыл из оборота товар с превышением объема по ВСД","2025-06-15 14:00:11","Молочная продукция","Хабаровский край","Хабаровский край, г Хабаровск, ул Руднева, 71Б","645907284440700591736482","0104660214292538215XTniA",,"","2025-06-15 17:50:00","2724187340","b7ee7171-c6c3-48ce-9a4a-c64ee978f307","Нет",,,,,,,,"04660214292538","35fac39b-84a7-4d84-96fd-20287b463f51","Хабаровск","7284440700591736","Нет"
"Выбытие товара с превышением объема по ВСД","Выбыл из оборота товар с превышением объема по ВСД","2025-06-15 13:50:54","Молочная продукция","Хабаровский край","Хабаровский край, г Комсомольск-на-Амуре, ул Вокзальная, 32, литера в","352957284440700591167482","0104660214292538215y=G.B",,"","2025-06-15 17:38:00","2724187340","e7f8241d-dfad-49b7-a31f-fc88f880a181","Нет",,,,,,,,"04660214292538","74e74b13-3b7c-4ca6-b454-68632d3a4d0d","Комсомольск-на-Амуре","7284440700591167","Нет"
"Выбытие товара с превышением объема по ВСД","Выбыл из оборота товар с превышением объема по ВСД","2025-06-15 13:50:54","Молочная продукция","Хабаровский край","Хабаровский край, г Комсомольск-на-Амуре, ул Вокзальная, 32, литера в","352957284440700591167482","0104660214292538215_roRt",,"","2025-06-15 17:38:00","2724187340","9c63522f-f305-4d1a-a073-683fd6fad491","Нет",,,,,,,,"04660214292538","74e74b13-3b7c-4ca6-b454-68632d3a4d0d","Комсомольск-на-Амуре","7284440700591167","Нет"
"Выбытие товара с превышением объема по ВСД","Выбыл из оборота товар с превышением объема по ВСД","2025-06-15 13:44:08","Молочная продукция","Хабаровский край","Хабаровский край, г Комсомольск-на-Амуре, ул Вокзальная, 32, литера в","289347284440700591047482","0104660214292538215cYqVY",,"","2025-06-15 17:32:00","2724187340","711ffbec-8504-4b7c-a782-37ceb234adc3","Нет",,,,,,,,"04660214292538","74e74b13-3b7c-4ca6-b454-68632d3a4d0d","Комсомольск-на-Амуре","7284440700591047","Нет"
"Выбытие товара с превышением объема по ВСД","Выбыл из оборота товар с превышением объема по ВСД","2025-06-15 13:30:19","Молочная продукция","Хабаровский край","Хабаровский край, г Комсомольск-на-Амуре, ул Вокзальная, 32, литера в","352937284440700591167482","0104660214292538215XFqVG",,"","2025-06-15 17:07:00","2724187340","ce4dadb7-47ca-4f75-b32a-0cbf147b30d7","Нет",,,,,,,,"04660214292538","74e74b13-3b7c-4ca6-b454-68632d3a4d0d","Комсомольск-на-Амуре","7284440700591167","Нет"
"Выбытие товара с превышением объема по ВСД","Выбыл из оборота товар с превышением объема по ВСД","2025-06-15 13:30:19","Молочная продукция","Хабаровский край","Хабаровский край, г Комсомольск-на-Амуре, ул Вокзальная, 32, литера в","352937284440700591167482","0104660214292538215XepCx",,"","2025-06-15 17:07:00","2724187340","9e3c5360-0df2-4025-a88d-913818bbb88b","Нет",,,,,,,,"04660214292538","74e74b13-3b7c-4ca6-b454-68632d3a4d0d","Комсомольск-на-Амуре","7284440700591167","Нет"
"Выбытие товара с превышением объема по ВСД","Выбыл из оборота товар с превышением объема по ВСД","2025-06-15 13:30:19","Молочная продукция","Хабаровский край","Хабаровский край, г Комсомольск-на-Амуре, ул Вокзальная, 32, литера в","289237284440700591047482","0104660214292545215oj*0R",,"","2025-06-15 17:07:00","2724187340","6993a834-9e54-41d7-8c41-8629d5bd1bfe","Нет",,,,,,,,"04660214292545","74e74b13-3b7c-4ca6-b454-68632d3a4d0d","Комсомольск-на-Амуре","7284440700591047","Нет"
"Выбытие товара с превышением объема по ВСД","Выбыл из оборота товар с превышением объема по ВСД","2025-06-15 13:30:19","Молочная продукция","Хабаровский край","Хабаровский край, г Комсомольск-на-Амуре, ул Вокзальная, 32, литера в","352937284440700591167482","0104660214292538215XF2k!",,"","2025-06-15 17:07:00","2724187340","f80f4c4c-2438-478e-8d9e-956e781a006c","Нет",,,,,,,,"04660214292538","74e74b13-3b7c-4ca6-b454-68632d3a4d0d","Комсомольск-на-Амуре","7284440700591167","Нет"
"Выбытие товара с превышением объема по ВСД","Выбыл из оборота товар с превышением объема по ВСД","2025-06-15 13:30:19","Молочная продукция","Хабаровский край","Хабаровский край, г Комсомольск-на-Амуре, ул Вокзальная, 32, литера в","352937284440700591167482","0104660214292538215Xf?ob",,"","2025-06-15 17:07:00","2724187340","a2de1464-523e-48e0-b62a-1ae9d5172dec","Нет",,,,,,,,"04660214292538","74e74b13-3b7c-4ca6-b454-68632d3a4d0d","Комсомольск-на-Амуре","7284440700591167","Нет"
"Выбытие товара с превышением объема по ВСД","Выбыл из оборота товар с превышением объема по ВСД","2025-06-15 13:30:19","Молочная продукция","Хабаровский край","Хабаровский край, г Комсомольск-на-Амуре, ул Вокзальная, 32, литера в","352937284440700591167482","0104660214292538215XBToH",,"","2025-06-15 17:07:00","2724187340","380a4dcd-0a39-49f5-a692-5c3c55f124a6","Нет",,,,,,,,"04660214292538","74e74b13-3b7c-4ca6-b454-68632d3a4d0d","Комсомольск-на-Амуре","7284440700591167","Нет"
"Выбытие товара с превышением объема по ВСД","Выбыл из оборота товар с превышением объема по ВСД","2025-06-15 13:30:19","Молочная продукция","Хабаровский край","Хабаровский край, г Комсомольск-на-Амуре, ул Вокзальная, 32, литера в","352937284440700591167482","0104660214292538215XFd>q",,"","2025-06-15 17:07:00","2724187340","bf8b2482-de2d-4931-873d-a291b808a05a","Нет",,,,,,,,"04660214292538","74e74b13-3b7c-4ca6-b454-68632d3a4d0d","Комсомольск-на-Амуре","7284440700591167","Нет"
"Выбытие товара с превышением объема по ВСД","Выбыл из оборота товар с превышением объема по ВСД","2025-06-15 13:30:19","Молочная продукция","Хабаровский край","Хабаровский край, г Комсомольск-на-Амуре, ул Вокзальная, 32, литера в","352937284440700591167482","0104660214292545215OJgif",,"","2025-06-15 17:07:00","2724187340","f09d509c-cdca-4a34-bfdd-00840a4e988c","Нет",,,,,,,,"04660214292545","74e74b13-3b7c-4ca6-b454-68632d3a4d0d","Комсомольск-на-Амуре","7284440700591167","Нет"
"Выбытие товара с превышением объема по ВСД","Выбыл из оборота товар с превышением объема по ВСД","2025-06-15 13:30:19","Молочная продукция","Хабаровский край","Хабаровский край, г Комсомольск-на-Амуре, ул Вокзальная, 32, литера в","352937284440700591167482","0104660214292538215XENMT",,"","2025-06-15 17:07:00","2724187340","dd5ebd87-c9f8-458d-a28e-80e74f5978b0","Нет",,,,,,,,"04660214292538","74e74b13-3b7c-4ca6-b454-68632d3a4d0d","Комсомольск-на-Амуре","7284440700591167","Нет"
"Выбытие товара с превышением объема по ВСД","Выбыл из оборота товар с превышением объема по ВСД","2025-06-15 13:30:19","Молочная продукция","Хабаровский край","Хабаровский край, г Комсомольск-на-Амуре, ул Вокзальная, 32, литера в","352937284440700591167482","0104660214292538215XDnoG",,"","2025-06-15 17:07:00","2724187340","4da94527-f023-4020-a64b-cd2e6487808c","Нет",,,,,,,,"04660214292538","74e74b13-3b7c-4ca6-b454-68632d3a4d0d","Комсомольск-на-Амуре","7284440700591167","Нет"
"Выбытие товара с превышением объема по ВСД","Выбыл из оборота товар с превышением объема по ВСД","2025-06-15 13:30:19","Молочная продукция","Хабаровский край","Хабаровский край, г Комсомольск-на-Амуре, ул Вокзальная, 32, литера в","352937284440700591167482","0104660214292538215Xfqql",,"","2025-06-15 17:07:00","2724187340","5fdbda6a-3b19-406f-9771-9d759fe1545d","Нет",,,,,,,,"04660214292538","74e74b13-3b7c-4ca6-b454-68632d3a4d0d","Комсомольск-на-Амуре","7284440700591167","Нет"
"Выбытие товара с превышением объема по ВСД","Выбыл из оборота товар с превышением объема по ВСД","2025-06-15 13:30:19","Молочная продукция","Хабаровский край","Хабаровский край, г Комсомольск-на-Амуре, ул Вокзальная, 32, литера в","352937284440700591167482","0104660214292538215XeBpB",,"","2025-06-15 17:07:00","2724187340","8c8c56c8-477f-4b98-8cfd-2931edcf52b3","Нет",,,,,,,,"04660214292538","74e74b13-3b7c-4ca6-b454-68632d3a4d0d","Комсомольск-на-Амуре","7284440700591167","Нет"
"Выбытие товара с превышением объема по ВСД","Выбыл из оборота товар с превышением объема по ВСД","2025-06-15 13:30:19","Молочная продукция","Хабаровский край","Хабаровский край, г Комсомольск-на-Амуре, ул Вокзальная, 32, литера в","352937284440700591167482","0104660214292538215Xe7PH",,"","2025-06-15 17:07:00","2724187340","f860c53b-0c62-40a1-8ff0-525e3f5bbcb9","Нет",,,,,,,,"04660214292538","74e74b13-3b7c-4ca6-b454-68632d3a4d0d","Комсомольск-на-Амуре","7284440700591167","Нет"
"Выбытие товара с превышением объема по ВСД","Выбыл из оборота товар с превышением объема по ВСД","2025-06-15 13:30:19","Молочная продукция","Хабаровский край","Хабаровский край, г Комсомольск-на-Амуре, ул Вокзальная, 32, литера в","352937284440700591167482","0104660214292538215Xfka7",,"","2025-06-15 17:07:00","2724187340","5f4c4042-6c60-4bb0-abb9-2ae0f38b8e63","Нет",,,,,,,,"04660214292538","74e74b13-3b7c-4ca6-b454-68632d3a4d0d","Комсомольск-на-Амуре","7284440700591167","Нет"
"Выбытие товара с превышением объема по ВСД","Выбыл из оборота товар с превышением объема по ВСД","2025-06-15 12:37:54","Молочная продукция","Хабаровский край","Хабаровский край, г Комсомольск-на-Амуре, ул Вокзальная, 32, литера в","352797284440700591167482","0104660214292545215jz,Pr",,"","2025-06-15 16:21:00","2724187340","66ecc45a-87b4-4595-a9e5-227571a21cb2","Нет",,,,,,,,"04660214292545","74e74b13-3b7c-4ca6-b454-68632d3a4d0d","Комсомольск-на-Амуре","7284440700591167","Нет"
"Продажа товара с некорректным статусом РД","Продажа товара с некорректным статусом РД","2025-06-15 12:31:50","Молочная продукция","Амурская область","Амурская обл, г Благовещенск, ул Мухина, 149","398887284440700613021482","0104650271282504215n=%Cp",,"","2025-06-15 15:14:00","2724187340","debba6c0-a69d-45e1-ac4f-20a10019035a","Нет",,,,,,,,"04650271282504","624b4719-ebaf-451f-aa6a-c4e2ca5cd123","Благовещенск","7284440700613021","Да"
"Выбытие товара с превышением объема по ВСД","Выбыл из оборота товар с превышением объема по ВСД","2025-06-15 12:04:04","Молочная продукция","Хабаровский край","Хабаровский край, г Комсомольск-на-Амуре, ул Кирова, 54","549397284440700591572482","0104660214292545215Juntf",,"","2025-06-15 15:56:00","2724187340","d30a0b72-3098-4844-8a59-6a6fe396df0c","Нет",,,,,,,,"04660214292545","057468af-0b8e-41bb-bd13-8564e6048ecc","Комсомольск-на-Амуре","7284440700591572","Нет"
"Выбытие товара с превышением объема по ВСД","Выбыл из оборота товар с превышением объема по ВСД","2025-06-15 11:56:57","Молочная продукция","Хабаровский край","Хабаровский край, г Комсомольск-на-Амуре, ул Аллея Труда, 8","353037284440700591163482","0104660214292545215'wlBX",,"","2025-06-15 15:52:00","2724187340","ec3adaba-e250-4b72-be5d-3f0edfde2b31","Нет",,,,,,,,"04660214292545","f94009ca-a2e0-4fac-afd1-5656b9731626","Комсомольск-на-Амуре","7284440700591163","Нет"
"Выбытие товара с превышением объема по ВСД","Выбыл из оборота товар с превышением объема по ВСД","2025-06-15 11:56:57","Молочная продукция","Хабаровский край","Хабаровский край, г Комсомольск-на-Амуре, ул Аллея Труда, 8","353037284440700591163482","0104660214292538215D+Up6",,"","2025-06-15 15:52:00","2724187340","93b522a5-6423-4422-ab65-4fe25fab564a","Нет",,,,,,,,"04660214292538","f94009ca-a2e0-4fac-afd1-5656b9731626","Комсомольск-на-Амуре","7284440700591163","Нет"
"Выбытие товара с превышением объема по ВСД","Выбыл из оборота товар с превышением объема по ВСД","2025-06-15 11:56:57","Молочная продукция","Хабаровский край","Хабаровский край, г Комсомольск-на-Амуре, ул Кирова, 54","549387284440700591572482","0104660214292545215m4""oG",,"","2025-06-15 15:53:00","2724187340","39668f70-1901-48c8-8434-6f876de8dc1c","Нет",,,,,,,,"04660214292545","057468af-0b8e-41bb-bd13-8564e6048ecc","Комсомольск-на-Амуре","7284440700591572","Нет"
"Выбытие товара с превышением объема по ВСД","Выбыл из оборота товар с превышением объема по ВСД","2025-06-15 11:56:57","Молочная продукция","Хабаровский край","Хабаровский край, г Комсомольск-на-Амуре, ул Кирова, 54","549387284440700591572482","0104660214292545215LRrLa",,"","2025-06-15 15:53:00","2724187340","0b75a523-9a9b-4f8a-b4ad-e13866d852ce","Нет",,,,,,,,"04660214292545","057468af-0b8e-41bb-bd13-8564e6048ecc","Комсомольск-на-Амуре","7284440700591572","Нет"
"Выбытие товара с превышением объема по ВСД","Выбыл из оборота товар с превышением объема по ВСД","2025-06-15 11:56:57","Молочная продукция","Хабаровский край","Хабаровский край, г Комсомольск-на-Амуре, ул Кирова, 54","549387284440700591572482","0104660214292545215lqVv>",,"","2025-06-15 15:53:00","2724187340","36586657-f7e0-4446-a6bf-7b1c57281640","Нет",,,,,,,,"04660214292545","057468af-0b8e-41bb-bd13-8564e6048ecc","Комсомольск-на-Амуре","7284440700591572","Нет"
"Выбытие товара с превышением объема по ВСД","Выбыл из оборота товар с превышением объема по ВСД","2025-06-15 11:56:57","Молочная продукция","Хабаровский край","Хабаровский край, г Комсомольск-на-Амуре, ул Кирова, 54","549387284440700591572482","0104660214292538215A3iQm",,"","2025-06-15 15:53:00","2724187340","e8133b17-0ce3-4c70-945d-af6cc160a2d4","Нет",,,,,,,,"04660214292538","057468af-0b8e-41bb-bd13-8564e6048ecc","Комсомольск-на-Амуре","7284440700591572","Нет"
"Выбытие товара с превышением объема по ВСД","Выбыл из оборота товар с превышением объема по ВСД","2025-06-15 11:56:57","Молочная продукция","Хабаровский край","Хабаровский край, г Комсомольск-на-Амуре, ул Аллея Труда, 8","353037284440700591163482","0104660214292538215d2M!n",,"","2025-06-15 15:52:00","2724187340","f3d7a3f1-49c2-4296-979c-e8ed95820d2b","Нет",,,,,,,,"04660214292538","f94009ca-a2e0-4fac-afd1-5656b9731626","Комсомольск-на-Амуре","7284440700591163","Нет"
"Продажа товара с некорректным статусом РД","Продажа товара с некорректным статусом РД","2025-06-15 11:56:57","Молочная продукция","Амурская область","Амурская обл, г Белогорск, ул 9 Мая, 210","284307284440700613302482","0104650271282504215GrFNw",,"","2025-06-15 14:51:00","2724187340","e84047f9-89ea-4bf6-9011-4508c521cdf0","Нет",,,,,,,,"04650271282504","190213d1-1582-4133-9b2a-1c1c0d79a7e0","Белогорск","7284440700613302","Да"
"Выбытие товара с превышением объема по ВСД","Выбыл из оборота товар с превышением объема по ВСД","2025-06-15 11:53:54","Молочная продукция","Хабаровский край","Хабаровский край, г Хабаровск, ул Победы, 69","216637284440700591476482","0104660214292538215GIpGp",,"","2025-06-15 15:49:00","2724187340","c403f3b0-d9e8-4bb8-914c-cc12bdc30aba","Нет",,,,,,,,"04660214292538","b62cbbc4-3167-46ba-b3cd-0c01765d90d5","Хабаровск","7284440700591476","Нет"
"Выбытие товара с превышением объема по ВСД","Выбыл из оборота товар с превышением объема по ВСД","2025-06-15 11:50:38","Молочная продукция","Республика Саха (Якутия) ","Респ Саха /Якутия/, г Якутск, ул Авиаторов, 21","217737284440700591379482","0104620021194241215FGB.T",,"","2025-06-15 14:45:00","2724187340","6e2ab7a7-db13-4da7-92e0-863c078365e4","Нет",,,,,,,,"04620021194241","2766d060-57c9-4f57-b5a7-42d0d561c6c9","Якутск","7284440700591379","Нет"
"Продажа товара с некорректным статусом РД","Продажа товара с некорректным статусом РД","2025-06-15 11:50:36","Молочная продукция","Амурская область","Амурская обл, г Благовещенск, ул Мухина, 149","398717284440700613021482","0104650271282504215Npn'n",,"","2025-06-15 14:44:00","2724187340","0c5d3e16-55a8-4a2f-9bf0-ddda4188500e","Нет",,,,,,,,"04650271282504","624b4719-ebaf-451f-aa6a-c4e2ca5cd123","Благовещенск","7284440700613021","Да"
"Повторные продажи у разных продавцов","Повторные продажи у разных продавцов","2025-06-15 11:46:52","Молочная продукция","Республика Саха (Якутия) ","Респ Саха /Якутия/, г Якутск, пр-кт Михаила Николаева, 28","159007281440500535825482","0104630072803788215>M)/2",,"","2025-06-14 14:33:00","2724187340","5db06350-db7b-428a-b4c3-c8498060cc40","Нет",,,,,,,,"04630072803788","6f2022a8-5e82-4f78-bf15-442c30698a0a","Якутск","7281440500535825","Да"
"Выбытие товара с превышением объема по ВСД","Выбыл из оборота товар с превышением объема по ВСД","2025-06-15 11:34:45","Молочная продукция","Хабаровский край","Хабаровский край, Хабаровский р-н, с Ильинка, пер Гаражный, 1","34997380440801739207482","0104660214292538215EE(cp",,"","2025-06-15 15:26:00","2724187340","e2d6643b-bd0d-44d3-bcd1-72b53a320ab5","Нет",,,,,,,,"04660214292538","75dcf013-55a2-4124-9b53-0ac622103bae","Хабаровский","7380440801739207","Нет"
"Выбытие товара с превышением объема по ВСД","Выбыл из оборота товар с превышением объема по ВСД","2025-06-15 11:18:51","Молочная продукция","Хабаровский край","Хабаровский край, Хабаровский р-н, с Ильинка, пер Гаражный, 1","30607380440801739208482","01046602142925452150LlHj",,"","2025-06-15 15:15:00","2724187340","70f72f39-64bb-4f21-9f96-90e788877699","Нет",,,,,,,,"04660214292545","75dcf013-55a2-4124-9b53-0ac622103bae","Хабаровский","7380440801739208","Нет"
"Продажа товара с некорректным статусом РД","Продажа товара с некорректным статусом РД","2025-06-15 11:17:59","Молочная продукция","Амурская область","Амурская обл, г Благовещенск, ул Мухина, 149","419037284440700612860482","0104650271282504215nFhWF",,"","2025-06-15 14:13:00","2724187340","270e7661-4808-4198-bad3-b07dee5db25f","Нет",,,,,,,,"04650271282504","624b4719-ebaf-451f-aa6a-c4e2ca5cd123","Благовещенск","7284440700612860","Да"
"Выбытие товара с превышением объема по ВСД","Выбыл из оборота товар с превышением объема по ВСД","2025-06-15 11:13:35","Молочная продукция","Хабаровский край","Хабаровский край, г Хабаровск, ул Победы, 69","216477284440700591476482","0104660214292538215gJ>ao",,"","2025-06-15 15:02:00","2724187340","b4531b72-261b-4c17-b820-3ba3c70d3e5a","Нет",,,,,,,,"04660214292538","b62cbbc4-3167-46ba-b3cd-0c01765d90d5","Хабаровск","7284440700591476","Нет"
"Выбытие товара с превышением объема по ВСД","Выбыл из оборота товар с превышением объема по ВСД","2025-06-15 11:13:35","Молочная продукция","Хабаровский край","Хабаровский край, г Хабаровск, ул Победы, 69","216477284440700591476482","0104660214292545215/n9Jw",,"","2025-06-15 15:02:00","2724187340","12484c09-ac71-4780-b706-c2e486e468f5","Нет",,,,,,,,"04660214292545","b62cbbc4-3167-46ba-b3cd-0c01765d90d5","Хабаровск","7284440700591476","Нет"
"Продажа товара с некорректным статусом РД","Продажа товара с некорректным статусом РД","2025-06-15 11:13:34","Молочная продукция","Амурская область","Амурская обл, г Благовещенск, ул Мухина, 149","398667284440700613021482","0104650271282504215MBY'-",,"","2025-06-15 14:03:00","2724187340","fad136c2-6cd2-4002-a818-3a1edddd0455","Нет",,,,,,,,"04650271282504","624b4719-ebaf-451f-aa6a-c4e2ca5cd123","Благовещенск","7284440700613021","Да"
"Выбытие товара с превышением объема по ВСД","Выбыл из оборота товар с превышением объема по ВСД","2025-06-15 10:57:00","Молочная продукция","Хабаровский край","Хабаровский край, г Комсомольск-на-Амуре, ул Вокзальная, 32, литера в","352597284440700591167482","0104660214292538215xEdhN",,"","2025-06-15 14:51:00","2724187340","71a848ad-1e04-40fb-b159-55bbae06df18","Нет",,,,,,,,"04660214292538","74e74b13-3b7c-4ca6-b454-68632d3a4d0d","Комсомольск-на-Амуре","7284440700591167","Нет"
"Выбытие товара с превышением объема по ВСД","Выбыл из оборота товар с превышением объема по ВСД","2025-06-15 10:51:08","Молочная продукция","Хабаровский край","Хабаровский край, г Хабаровск, ул Победы, 69","216437284440700591476482","0104660214292538215gJ2NX",,"","2025-06-15 14:47:00","2724187340","4ad580d7-fd73-4cc7-9af1-fd2bf9b1e46e","Нет",,,,,,,,"04660214292538","b62cbbc4-3167-46ba-b3cd-0c01765d90d5","Хабаровск","7284440700591476","Нет"
"Выбытие товара с превышением объема по ВСД","Выбыл из оборота товар с превышением объема по ВСД","2025-06-15 10:51:08","Молочная продукция","Хабаровский край","Хабаровский край, г Хабаровск, ул Победы, 69","216437284440700591476482","0104660214292538215GgV2V",,"","2025-06-15 14:47:00","2724187340","f45364fd-66d1-4dfb-b322-07fe6c211453","Нет",,,,,,,,"04660214292538","b62cbbc4-3167-46ba-b3cd-0c01765d90d5","Хабаровск","7284440700591476","Нет"
"Выбытие товара с превышением объема по ВСД","Выбыл из оборота товар с превышением объема по ВСД","2025-06-15 10:51:08","Молочная продукция","Хабаровский край","Хабаровский край, г Хабаровск, ул Победы, 69","216437284440700591476482","0104660214292538215gJ9W&",,"","2025-06-15 14:47:00","2724187340","01c4ac32-168e-4c79-a92d-36d1d6d014e4","Нет",,,,,,,,"04660214292538","b62cbbc4-3167-46ba-b3cd-0c01765d90d5","Хабаровск","7284440700591476","Нет"
"Выбытие товара с превышением объема по ВСД","Выбыл из оборота товар с превышением объема по ВСД","2025-06-15 10:50:18","Молочная продукция","Хабаровский край","Хабаровский край, г Хабаровск, ул Победы, 69","216427284440700591476482","0104660214292538215gIZsz",,"","2025-06-15 14:46:00","2724187340","a9bc98e7-cc8e-484e-afef-897b7fe0880f","Нет",,,,,,,,"04660214292538","b62cbbc4-3167-46ba-b3cd-0c01765d90d5","Хабаровск","7284440700591476","Нет"
"Выбытие товара с превышением объема по ВСД","Выбыл из оборота товар с превышением объема по ВСД","2025-06-15 10:50:18","Молочная продукция","Хабаровский край","Хабаровский край, г Хабаровск, ул Победы, 69","216427284440700591476482","0104660214292538215ggQiE",,"","2025-06-15 14:46:00","2724187340","593b86de-7de7-4d4d-a29f-a7a6179092c9","Нет",,,,,,,,"04660214292538","b62cbbc4-3167-46ba-b3cd-0c01765d90d5","Хабаровск","7284440700591476","Нет"
"Продажа товара с некорректным статусом РД","Продажа товара с некорректным статусом РД","2025-06-15 10:31:51","Молочная продукция","Амурская область","Амурская обл, г Благовещенск, ул Мухина, 149","418957284440700612860482","0104650271282504215m5CfV",,"","2025-06-15 13:25:00","2724187340","073e28e1-4cf3-49f0-afd7-84e76c274cb2","Нет",,,,,,,,"04650271282504","624b4719-ebaf-451f-aa6a-c4e2ca5cd123","Благовещенск","7284440700612860","Да"
"Выбытие товара с превышением объема по ВСД","Выбыл из оборота товар с превышением объема по ВСД","2025-06-15 10:29:04","Молочная продукция","Хабаровский край","Хабаровский край, г Комсомольск-на-Амуре, ул Кирова, 54","549037284440700591572482","0104660214292545215jtVn=",,"","2025-06-15 14:20:00","2724187340","ee6eb6b3-3545-4377-96e0-12b22bfbab0f","Нет",,,,,,,,"04660214292545","057468af-0b8e-41bb-bd13-8564e6048ecc","Комсомольск-на-Амуре","7284440700591572","Нет"
"Выбытие товара с превышением объема по ВСД","Выбыл из оборота товар с превышением объема по ВСД","2025-06-15 10:29:04","Молочная продукция","Хабаровский край","Хабаровский край, г Комсомольск-на-Амуре, ул Кирова, 54","549037284440700591572482","0104660214292545215jTVJM",,"","2025-06-15 14:20:00","2724187340","a6fa4dcd-5b2c-49ad-bd56-3965922076c9","Нет",,,,,,,,"04660214292545","057468af-0b8e-41bb-bd13-8564e6048ecc","Комсомольск-на-Амуре","7284440700591572","Нет"
"Выбытие товара с превышением объема по ВСД","Выбыл из оборота товар с превышением объема по ВСД","2025-06-15 10:29:04","Молочная продукция","Хабаровский край","Хабаровский край, г Комсомольск-на-Амуре, ул Кирова, 54","549037284440700591572482","0104660214292545215jkUJc",,"","2025-06-15 14:20:00","2724187340","be689dbc-3036-471c-bfdd-cb79ac98f882","Нет",,,,,,,,"04660214292545","057468af-0b8e-41bb-bd13-8564e6048ecc","Комсомольск-на-Амуре","7284440700591572","Нет"
"Выбытие товара с превышением объема по ВСД","Выбыл из оборота товар с превышением объема по ВСД","2025-06-15 10:29:04","Молочная продукция","Хабаровский край","Хабаровский край, г Комсомольск-на-Амуре, ул Кирова, 54","549037284440700591572482","0104660214292545215jT<qB",,"","2025-06-15 14:20:00","2724187340","ed5880f1-594b-4d9c-95ca-993b0ca81274","Нет",,,,,,,,"04660214292545","057468af-0b8e-41bb-bd13-8564e6048ecc","Комсомольск-на-Амуре","7284440700591572","Нет"
"Выбытие товара с превышением объема по ВСД","Выбыл из оборота товар с превышением объема по ВСД","2025-06-15 10:29:04","Молочная продукция","Хабаровский край","Хабаровский край, г Комсомольск-на-Амуре, ул Кирова, 54","549037284440700591572482","0104660214292545215Jt.l+",,"","2025-06-15 14:20:00","2724187340","84815a0f-f188-44d0-96ad-7260b8339156","Нет",,,,,,,,"04660214292545","057468af-0b8e-41bb-bd13-8564e6048ecc","Комсомольск-на-Амуре","7284440700591572","Нет"
"Выбытие товара с превышением объема по ВСД","Выбыл из оборота товар с превышением объема по ВСД","2025-06-15 10:29:04","Молочная продукция","Хабаровский край","Хабаровский край, г Комсомольск-на-Амуре, ул Кирова, 54","549037284440700591572482","0104660214292545215jUYgH",,"","2025-06-15 14:20:00","2724187340","200c80f6-dda8-4da2-8c74-0847c243a29c","Нет",,,,,,,,"04660214292545","057468af-0b8e-41bb-bd13-8564e6048ecc","Комсомольск-на-Амуре","7284440700591572","Нет"
"Выбытие товара с превышением объема по ВСД","Выбыл из оборота товар с превышением объема по ВСД","2025-06-15 10:27:18","Молочная продукция","Республика Саха (Якутия) ","Респ Саха /Якутия/, г Якутск, пр-кт Михаила Николаева, 28","160707281440500535825482","0104620021194241215O3keP",,"","2025-06-15 13:19:00","2724187340","9a00197e-b89e-4326-ad22-09c181a68d07","Нет",,,,,,,,"04620021194241","6f2022a8-5e82-4f78-bf15-442c30698a0a","Якутск","7281440500535825","Нет"
"Продажа товара с некорректным статусом РД","Продажа товара с некорректным статусом РД","2025-06-15 10:25:21","Молочная продукция","Амурская область","Амурская обл, г Свободный, ул Мухина, 150","202287284440700612861482","0104650271282504215jenDT",,"","2025-06-15 13:18:00","2724187340","b8c5e9de-91f5-42f2-a6d0-7cd0a39a547e","Нет",,,,,,,,"04650271282504","d55c5542-dc39-4589-8c78-4d8ec1dcf7f1","Свободный","7284440700612861","Да"
"Продажа товара с некорректным статусом РД","Продажа товара с некорректным статусом РД","2025-06-15 10:18:53","Молочная продукция","Амурская область","Амурская обл, г Благовещенск, ул Мухина, 149","398337284440700613021482","0104650271282504215rcGXs",,"","2025-06-15 13:14:00","2724187340","937639b7-09a1-4085-8a12-73018840bea5","Нет",,,,,,,,"04650271282504","624b4719-ebaf-451f-aa6a-c4e2ca5cd123","Благовещенск","7284440700613021","Да"
"Выбытие товара с превышением объема по ВСД","Выбыл из оборота товар с превышением объема по ВСД","2025-06-15 10:09:55","Молочная продукция","Хабаровский край","Хабаровский край, г Комсомольск-на-Амуре, ул Кирова, 54","87037380440801739254482","0104660214292545215JvDyF",,"","2025-06-15 14:04:00","2724187340","313e8b4a-2844-43dc-be3d-ba00a6fe9949","Нет",,,,,,,,"04660214292545","057468af-0b8e-41bb-bd13-8564e6048ecc","Комсомольск-на-Амуре","7380440801739254","Нет"
"Выбытие товара с превышением объема по ВСД","Выбыл из оборота товар с превышением объема по ВСД","2025-06-15 10:09:55","Молочная продукция","Хабаровский край","Хабаровский край, г Комсомольск-на-Амуре, ул Кирова, 54","87037380440801739254482","01046602142925382158gD5q",,"","2025-06-15 14:04:00","2724187340","c644cc27-0e3c-456f-be78-f58bbb13ad5c","Нет",,,,,,,,"04660214292538","057468af-0b8e-41bb-bd13-8564e6048ecc","Комсомольск-на-Амуре","7380440801739254","Нет"
"Выбытие товара с превышением объема по ВСД","Выбыл из оборота товар с превышением объема по ВСД","2025-06-15 10:09:55","Молочная продукция","Хабаровский край","Хабаровский край, г Комсомольск-на-Амуре, ул Кирова, 54","87037380440801739254482","0104660214292545215JUzbK",,"","2025-06-15 14:04:00","2724187340","36de20d4-2105-4726-9149-1a5cdcce1335","Нет",,,,,,,,"04660214292545","057468af-0b8e-41bb-bd13-8564e6048ecc","Комсомольск-на-Амуре","7380440801739254","Нет"
"Выбытие товара с превышением объема по ВСД","Выбыл из оборота товар с превышением объема по ВСД","2025-06-15 10:04:10","Молочная продукция","Хабаровский край","Хабаровский край, г Комсомольск-на-Амуре, ул Вокзальная, 32, литера в","352427284440700591167482","0104660214292538215Xe8CO",,"","2025-06-15 13:59:00","2724187340","cdef209d-07ca-41a1-8282-f17ff29c9871","Нет",,,,,,,,"04660214292538","74e74b13-3b7c-4ca6-b454-68632d3a4d0d","Комсомольск-на-Амуре","7284440700591167","Нет"
"Выбытие товара с превышением объема по ВСД","Выбыл из оборота товар с превышением объема по ВСД","2025-06-15 10:04:10","Молочная продукция","Хабаровский край","Хабаровский край, г Комсомольск-на-Амуре, ул Вокзальная, 32, литера в","352427284440700591167482","0104660214292538215XbPlk",,"","2025-06-15 13:59:00","2724187340","09a3096b-bbbd-42db-8636-2d406e0fbf65","Нет",,,,,,,,"04660214292538","74e74b13-3b7c-4ca6-b454-68632d3a4d0d","Комсомольск-на-Амуре","7284440700591167","Нет"
"Продажа товара с некорректным статусом РД","Продажа товара с некорректным статусом РД","2025-06-15 09:47:48","Молочная продукция","Амурская область","Амурская обл, г Белогорск, ул 9 Мая, 210","787357284440700612339482","0104650271282504215lNV2:",,"","2025-06-15 12:45:00","2724187340","b3233b8a-bce2-4713-b1d9-2cf896726c5f","Нет",,,,,,,,"04650271282504","190213d1-1582-4133-9b2a-1c1c0d79a7e0","Белогорск","7284440700612339","Да"
"Выбытие товара с превышением объема по ВСД","Выбыл из оборота товар с превышением объема по ВСД","2025-06-15 09:29:48","Молочная продукция","Хабаровский край","Хабаровский край, г Комсомольск-на-Амуре, ул Кирова, 54","548787284440700591572482","0104660214292545215jvb,p",,"","2025-06-15 13:25:00","2724187340","9a3b26ae-dcf0-4010-baef-ee000e06cff1","Нет",,,,,,,,"04660214292545","057468af-0b8e-41bb-bd13-8564e6048ecc","Комсомольск-на-Амуре","7284440700591572","Нет"
"Выбытие товара с превышением объема по ВСД","Выбыл из оборота товар с превышением объема по ВСД","2025-06-15 09:29:48","Молочная продукция","Хабаровский край","Хабаровский край, г Комсомольск-на-Амуре, ул Кирова, 54","548787284440700591572482","0104660214292545215jngab",,"","2025-06-15 13:25:00","2724187340","be6e6213-2f58-4747-9315-cbdbf0647175","Нет",,,,,,,,"04660214292545","057468af-0b8e-41bb-bd13-8564e6048ecc","Комсомольск-на-Амуре","7284440700591572","Нет"
"Выбытие товара с превышением объема по ВСД","Выбыл из оборота товар с превышением объема по ВСД","2025-06-15 09:29:48","Молочная продукция","Хабаровский край","Хабаровский край, г Комсомольск-на-Амуре, ул Кирова, 54","548787284440700591572482","0104660214292545215jv4s=",,"","2025-06-15 13:25:00","2724187340","0b0ba031-7396-4686-b5af-aad1066cb157","Нет",,,,,,,,"04660214292545","057468af-0b8e-41bb-bd13-8564e6048ecc","Комсомольск-на-Амуре","7284440700591572","Нет"
"Выбытие товара с превышением объема по ВСД","Выбыл из оборота товар с превышением объема по ВСД","2025-06-15 09:29:48","Молочная продукция","Хабаровский край","Хабаровский край, г Комсомольск-на-Амуре, ул Кирова, 54","548787284440700591572482","0104660214292545215jt(U,",,"","2025-06-15 13:25:00","2724187340","66be84cf-babf-49a6-a90f-9293fa508763","Нет",,,,,,,,"04660214292545","057468af-0b8e-41bb-bd13-8564e6048ecc","Комсомольск-на-Амуре","7284440700591572","Нет"
"Повторные продажи у разных продавцов","Повторные продажи у разных продавцов","2025-06-15 09:19:04","Молочная продукция","Республика Саха (Якутия) ","Респ Саха /Якутия/, г Якутск, пр-кт Михаила Николаева, 28","159007281440500535825482","0104660105724650215Q4?e'",,"","2025-06-14 14:33:00","2724187340","554e8dd0-b18f-406e-b442-5e3f91e3c6fa","Нет",,,,,,,,"04660105724650","6f2022a8-5e82-4f78-bf15-442c30698a0a","Якутск","7281440500535825","Да"
"Повторные продажи у разных продавцов","Повторные продажи у разных продавцов","2025-06-15 09:19:04","Молочная продукция","Республика Саха (Якутия) ","Респ Саха /Якутия/, г Якутск, пр-кт Михаила Николаева, 28","159007281440500535825482","0104660105724650215q3DAW",,"","2025-06-14 14:33:00","2724187340","4f2f2b73-d60d-4cc4-97e3-0fc3ee0564b7","Нет",,,,,,,,"04660105724650","6f2022a8-5e82-4f78-bf15-442c30698a0a","Якутск","7281440500535825","Да"
"Повторные продажи у разных продавцов","Повторные продажи у разных продавцов","2025-06-15 09:19:04","Молочная продукция","Республика Саха (Якутия) ","Респ Саха /Якутия/, г Якутск, пр-кт Михаила Николаева, 28","159007281440500535825482","0104660105724650215Q5l0b",,"","2025-06-14 14:33:00","2724187340","b049d297-420a-4f52-a453-639bee446221","Нет",,,,,,,,"04660105724650","6f2022a8-5e82-4f78-bf15-442c30698a0a","Якутск","7281440500535825","Да"
"Повторные продажи у разных продавцов","Повторные продажи у разных продавцов","2025-06-15 09:19:04","Молочная продукция","Республика Саха (Якутия) ","Респ Саха /Якутия/, г Якутск, пр-кт Михаила Николаева, 28","159007281440500535825482","0104660105724650215q59?A",,"","2025-06-14 14:33:00","2724187340","9baec199-62cf-4442-a4cd-4de2899ce0bd","Нет",,,,,,,,"04660105724650","6f2022a8-5e82-4f78-bf15-442c30698a0a","Якутск","7281440500535825","Да"
"Повторные продажи у разных продавцов","Повторные продажи у разных продавцов","2025-06-15 09:19:04","Молочная продукция","Республика Саха (Якутия) ","Респ Саха /Якутия/, г Якутск, пр-кт Михаила Николаева, 28","159007281440500535825482","0104660105724650215q33!S",,"","2025-06-14 14:33:00","2724187340","5fc1f176-3a10-4863-975a-67d3b4a8af2d","Нет",,,,,,,,"04660105724650","6f2022a8-5e82-4f78-bf15-442c30698a0a","Якутск","7281440500535825","Да"
"Повторные продажи у разных продавцов","Повторные продажи у разных продавцов","2025-06-15 09:19:04","Молочная продукция","Республика Саха (Якутия) ","Респ Саха /Якутия/, г Якутск, пр-кт Михаила Николаева, 28","159007281440500535825482","0104660105724650215Q4s_c",,"","2025-06-14 14:33:00","2724187340","62e77d8d-d2e8-4c1f-a2ed-f400d4443dfc","Нет",,,,,,,,"04660105724650","6f2022a8-5e82-4f78-bf15-442c30698a0a","Якутск","7281440500535825","Да"
"Выбытие товара с превышением объема по ВСД","Выбыл из оборота товар с превышением объема по ВСД","2025-06-15 09:15:27","Молочная продукция","Республика Саха (Якутия) ","Респ Саха /Якутия/, г Якутск, ул Авиаторов, 21","217147284440700591379482","0104620021194241215MRlJ-",,"","2025-06-15 12:08:00","2724187340","12beb8cf-1123-4b80-b750-32921d129e89","Нет",,,,,,,,"04620021194241","2766d060-57c9-4f57-b5a7-42d0d561c6c9","Якутск","7284440700591379","Нет"
"Продажа товара с некорректным статусом РД","Продажа товара с некорректным статусом РД","2025-06-15 08:58:40","Молочная продукция","Амурская область","Амурская обл, г Благовещенск, ул Мухина, 149","397977284440700613021482","0104650271282504215gxfKK",,"","2025-06-15 11:54:00","2724187340","43234ff7-b6d6-46cd-863b-e610a60cdf5f","Нет",,,,,,,,"04650271282504","624b4719-ebaf-451f-aa6a-c4e2ca5cd123","Благовещенск","7284440700613021","Да"
"Выбытие товара с превышением объема по ВСД","Выбыл из оборота товар с превышением объема по ВСД","2025-06-15 08:50:23","Молочная продукция","Республика Саха (Якутия) ","Респ Саха /Якутия/, г Якутск, ул Авиаторов, 21","217067284440700591379482","0104620021194241215""Pqaq",,"","2025-06-15 11:48:00","2724187340","b3aa0125-fee1-47db-a3d5-fef57b394f8a","Нет",,,,,,,,"04620021194241","2766d060-57c9-4f57-b5a7-42d0d561c6c9","Якутск","7284440700591379","Нет"
"Продажа товара с некорректным статусом РД","Продажа товара с некорректным статусом РД","2025-06-15 08:38:05","Молочная продукция","Амурская область","Амурская обл, г Белогорск, ул 9 Мая, 210","787067284440700612339482","0104650271282504215+b6le",,"","2025-06-15 11:34:00","2724187340","768767bc-32b1-4d12-ada9-cae62b42b3ea","Нет",,,,,,,,"04650271282504","190213d1-1582-4133-9b2a-1c1c0d79a7e0","Белогорск","7284440700612339","Да"
"Продажа товара с некорректным статусом РД","Продажа товара с некорректным статусом РД","2025-06-15 08:38:05","Молочная продукция","Амурская область","Амурская обл, г Белогорск, ул 9 Мая, 210","311747284440700612865482","0104650271282504215s)B.Z",,"","2025-06-15 11:33:00","2724187340","fecb3e02-20fb-4170-a5c1-534d9bfda90f","Нет",,,,,,,,"04650271282504","190213d1-1582-4133-9b2a-1c1c0d79a7e0","Белогорск","7284440700612865","Да"
"Продажа товара с некорректным статусом РД","Продажа товара с некорректным статусом РД","2025-06-15 08:30:14","Молочная продукция","Амурская область","Амурская обл, г Благовещенск, ул Мухина, 149","418807284440700612860482","0104650271282504215)lsDK",,"","2025-06-15 11:26:00","2724187340","217521db-a014-4a6e-9947-60c9a8970ad0","Нет",,,,,,,,"04650271282504","624b4719-ebaf-451f-aa6a-c4e2ca5cd123","Благовещенск","7284440700612860","Да"
"Выбытие товара с превышением объема по ВСД","Выбыл из оборота товар с превышением объема по ВСД","2025-06-15 08:30:13","Молочная продукция","Республика Саха (Якутия) ","Респ Саха /Якутия/, г Якутск, ул Авиаторов, 21","216997284440700591379482","0104620021194241215bByrs",,"","2025-06-15 11:28:00","2724187340","2241265a-8ed7-4bce-a83f-8110426eccb0","Нет",,,,,,,,"04620021194241","2766d060-57c9-4f57-b5a7-42d0d561c6c9","Якутск","7284440700591379","Нет"
"Выбытие товара с превышением объема по ВСД","Выбыл из оборота товар с превышением объема по ВСД","2025-06-15 08:28:12","Молочная продукция","Хабаровский край","Хабаровский край, г Комсомольск-на-Амуре, ул Вокзальная, 32, литера в","288817284440700591047482","0104660214292538215XC%X8",,"","2025-06-15 12:24:00","2724187340","9a396bfe-123e-4303-aa2a-1294947c4b7d","Нет",,,,,,,,"04660214292538","74e74b13-3b7c-4ca6-b454-68632d3a4d0d","Комсомольск-на-Амуре","7284440700591047","Нет"
"Выбытие товара с превышением объема по ВСД","Выбыл из оборота товар с превышением объема по ВСД","2025-06-15 08:23:42","Молочная продукция","Хабаровский край","Хабаровский край, Хабаровский р-н, с Ильинка, пер Гаражный, 1","34347380440801739207482","0104660214292545215+5NBt",,"","2025-06-15 12:21:00","2724187340","af4e0f2c-bdc8-4cca-883f-bfb4b7c57d6b","Нет",,,,,,,,"04660214292545","75dcf013-55a2-4124-9b53-0ac622103bae","Хабаровский","7380440801739207","Нет"
"Выбытие товара с превышением объема по ВСД","Выбыл из оборота товар с превышением объема по ВСД","2025-06-15 08:23:42","Молочная продукция","Хабаровский край","Хабаровский край, Хабаровский р-н, с Ильинка, пер Гаражный, 1","34347380440801739207482","0104660214292538215hHcdE",,"","2025-06-15 12:21:00","2724187340","63a13d21-f015-4318-9f83-4fd1f8a1d218","Нет",,,,,,,,"04660214292538","75dcf013-55a2-4124-9b53-0ac622103bae","Хабаровский","7380440801739207","Нет"
"Выбытие товара с превышением объема по ВСД","Выбыл из оборота товар с превышением объема по ВСД","2025-06-15 08:23:42","Молочная продукция","Хабаровский край","Хабаровский край, Хабаровский р-н, с Ильинка, пер Гаражный, 1","34347380440801739207482","0104660214292538215fnysA",,"","2025-06-15 12:21:00","2724187340","2975b5e2-6c29-43c4-b97d-da1f2f1f6d7b","Нет",,,,,,,,"04660214292538","75dcf013-55a2-4124-9b53-0ac622103bae","Хабаровский","7380440801739207","Нет"
"Выбытие товара с превышением объема по ВСД","Выбыл из оборота товар с превышением объема по ВСД","2025-06-15 08:07:50","Молочная продукция","Хабаровский край","Хабаровский край, г Хабаровск, ул Победы, 69","337497284440700612471482","0104660214292538215GJ<Hc",,"","2025-06-15 12:03:00","2724187340","42364ef5-a3d3-4113-bac1-3fc9849cbc9e","Нет",,,,,,,,"04660214292538","b62cbbc4-3167-46ba-b3cd-0c01765d90d5","Хабаровск","7284440700612471","Нет"
"Продажа товара с некорректным статусом РД","Продажа товара с некорректным статусом РД","2025-06-15 08:04:43","Молочная продукция","Амурская область","Амурская обл, г Благовещенск, ул Мухина, 149","397757284440700613021482","0104650271282504215:EXob",,"","2025-06-15 11:01:00","2724187340","cb9a0c9a-dae7-49bd-aa4e-664746e789ba","Нет",,,,,,,,"04650271282504","624b4719-ebaf-451f-aa6a-c4e2ca5cd123","Благовещенск","7284440700613021","Да"
"Выбытие товара с превышением объема по ВСД","Выбыл из оборота товар с превышением объема по ВСД","2025-06-15 07:50:18","Молочная продукция","Республика Саха (Якутия) ","Респ Саха /Якутия/, г Якутск, пр-кт Михаила Николаева, 28","160127281440500535825482","0104620021194241215k(tQF",,"","2025-06-15 10:48:00","2724187340","8ec71411-ab6b-4be0-93ff-05bb3cca85ae","Нет",,,,,,,,"04620021194241","6f2022a8-5e82-4f78-bf15-442c30698a0a","Якутск","7281440500535825","Нет"
"Выбытие товара с превышением объема по ВСД","Выбыл из оборота товар с превышением объема по ВСД","2025-06-15 07:50:18","Молочная продукция","Республика Саха (Якутия) ","Респ Саха /Якутия/, г Якутск, пр-кт Михаила Николаева, 28","160127281440500535825482","01046200211942412156JCCY",,"","2025-06-15 10:48:00","2724187340","33951808-725d-41a1-bfbd-e743ec234f97","Нет",,,,,,,,"04620021194241","6f2022a8-5e82-4f78-bf15-442c30698a0a","Якутск","7281440500535825","Нет"
"Выбытие товара с превышением объема по ВСД","Выбыл из оборота товар с превышением объема по ВСД","2025-06-15 07:35:09","Молочная продукция","Хабаровский край","Хабаровский край, г Комсомольск-на-Амуре, ул Вокзальная, 32, литера в","352057284440700591167482","0104660214292538215XeCb&",,"","2025-06-15 11:29:00","2724187340","ee0dfe88-d599-4655-8486-c060c367252e","Нет",,,,,,,,"04660214292538","74e74b13-3b7c-4ca6-b454-68632d3a4d0d","Комсомольск-на-Амуре","7284440700591167","Нет"
"Выбытие товара с превышением объема по ВСД","Выбыл из оборота товар с превышением объема по ВСД","2025-06-15 07:35:09","Молочная продукция","Хабаровский край","Хабаровский край, г Комсомольск-на-Амуре, ул Вокзальная, 32, литера в","352057284440700591167482","0104660214292545215jZSD0",,"","2025-06-15 11:29:00","2724187340","9e48e0f8-3f66-4067-a036-e626b6f90ace","Нет",,,,,,,,"04660214292545","74e74b13-3b7c-4ca6-b454-68632d3a4d0d","Комсомольск-на-Амуре","7284440700591167","Нет"
"Выбытие товара с превышением объема по ВСД","Выбыл из оборота товар с превышением объема по ВСД","2025-06-15 07:30:42","Молочная продукция","Хабаровский край","Хабаровский край, г Комсомольск-на-Амуре, ул Кирова, 54","548507284440700591572482","01046602142925382159DUN*",,"","2025-06-15 11:27:00","2724187340","f3e9aef8-5579-4d29-9031-981a83621b94","Нет",,,,,,,,"04660214292538","057468af-0b8e-41bb-bd13-8564e6048ecc","Комсомольск-на-Амуре","7284440700591572","Нет"
"Выбытие товара с превышением объема по ВСД","Выбыл из оборота товар с превышением объема по ВСД","2025-06-15 07:30:42","Молочная продукция","Хабаровский край","Хабаровский край, г Комсомольск-на-Амуре, ул Кирова, 54","548507284440700591572482","0104660214292545215JiJlM",,"","2025-06-15 11:27:00","2724187340","63ced092-0aef-47ab-80d2-dfc34af5fa88","Нет",,,,,,,,"04660214292545","057468af-0b8e-41bb-bd13-8564e6048ecc","Комсомольск-на-Амуре","7284440700591572","Нет"
"Выбытие товара с превышением объема по ВСД","Выбыл из оборота товар с превышением объема по ВСД","2025-06-15 07:30:42","Молочная продукция","Хабаровский край","Хабаровский край, Хабаровский р-н, с Ильинка, пер Гаражный, 1","29637380440801739208482","0104660214292545215<P3+a",,"","2025-06-15 11:23:00","2724187340","e3e6cef5-b884-44de-9037-a63dd666aa10","Нет",,,,,,,,"04660214292545","75dcf013-55a2-4124-9b53-0ac622103bae","Хабаровский","7380440801739208","Нет"
"Выбытие товара с превышением объема по ВСД","Выбыл из оборота товар с превышением объема по ВСД","2025-06-15 07:30:42","Молочная продукция","Хабаровский край","Хабаровский край, г Комсомольск-на-Амуре, ул Кирова, 54","548507284440700591572482","0104660214292545215Jlm1U",,"","2025-06-15 11:27:00","2724187340","cf6302ac-f23a-4383-aa8b-ea864e61d95f","Нет",,,,,,,,"04660214292545","057468af-0b8e-41bb-bd13-8564e6048ecc","Комсомольск-на-Амуре","7284440700591572","Нет"
"Выбытие товара с превышением объема по ВСД","Выбыл из оборота товар с превышением объема по ВСД","2025-06-15 07:30:42","Молочная продукция","Хабаровский край","Хабаровский край, г Комсомольск-на-Амуре, ул Кирова, 54","548507284440700591572482","01046602142925382159H*n_",,"","2025-06-15 11:27:00","2724187340","995bbe98-75a7-4da9-ab19-ce28c0eacbb1","Нет",,,,,,,,"04660214292538","057468af-0b8e-41bb-bd13-8564e6048ecc","Комсомольск-на-Амуре","7284440700591572","Нет"
"Выбытие товара с превышением объема по ВСД","Выбыл из оборота товар с превышением объема по ВСД","2025-06-15 07:30:42","Молочная продукция","Хабаровский край","Хабаровский край, г Комсомольск-на-Амуре, ул Кирова, 54","548507284440700591572482","0104660214292545215jTgA-",,"","2025-06-15 11:27:00","2724187340","5a7a1396-2390-41c5-996b-9a6e1b8b04d7","Нет",,,,,,,,"04660214292545","057468af-0b8e-41bb-bd13-8564e6048ecc","Комсомольск-на-Амуре","7284440700591572","Нет"
"Выбытие товара с превышением объема по ВСД","Выбыл из оборота товар с превышением объема по ВСД","2025-06-15 07:30:42","Молочная продукция","Хабаровский край","Хабаровский край, г Комсомольск-на-Амуре, ул Кирова, 54","548507284440700591572482","01046602142925382159gVI'",,"","2025-06-15 11:27:00","2724187340","70d4636d-d882-4e89-809b-40915c72e00a","Нет",,,,,,,,"04660214292538","057468af-0b8e-41bb-bd13-8564e6048ecc","Комсомольск-на-Амуре","7284440700591572","Нет"
"Выбытие товара с превышением объема по ВСД","Выбыл из оборота товар с превышением объема по ВСД","2025-06-15 07:30:41","Молочная продукция","Хабаровский край","Хабаровский край, Хабаровский р-н, с Ильинка, пер Гаражный, 1","29637380440801739208482","01046602142925452150esaN",,"","2025-06-15 11:23:00","2724187340","e366f296-5a56-48d7-a5ae-f10948b1d9f7","Нет",,,,,,,,"04660214292545","75dcf013-55a2-4124-9b53-0ac622103bae","Хабаровский","7380440801739208","Нет"
"Выбытие товара с превышением объема по ВСД","Выбыл из оборота товар с превышением объема по ВСД","2025-06-15 07:23:43","Молочная продукция","Хабаровский край","Хабаровский край, Хабаровский р-н, с Ильинка, пер Гаражный, 1","169477380440801739627482","01046602142925452150LMYh",,"","2025-06-15 11:21:00","2724187340","68c14261-f596-454a-a700-c193995f7eda","Нет",,,,,,,,"04660214292545","75dcf013-55a2-4124-9b53-0ac622103bae","Хабаровский","7380440801739627","Нет"
"Продажа товара с некорректным статусом РД","Продажа товара с некорректным статусом РД","2025-06-15 06:46:41","Молочная продукция","Амурская область","Амурская обл, г Благовещенск, ул Мухина, 149","397497284440700613021482","0104650271282504215_mLD0",,"","2025-06-15 09:41:00","2724187340","2c25de5a-0493-47f0-82fa-8dcca48a06b6","Нет",,,,,,,,"04650271282504","624b4719-ebaf-451f-aa6a-c4e2ca5cd123","Благовещенск","7284440700613021","Да"
"Выбытие товара с превышением объема по ВСД","Выбыл из оборота товар с превышением объема по ВСД","2025-06-15 06:30:21","Молочная продукция","Хабаровский край","Хабаровский край, Хабаровский р-н, с Ильинка, пер Гаражный, 1","29427380440801739208482","010466021429254521501zGq",,"","2025-06-15 10:27:00","2724187340","d4ad3af5-33e6-435a-951a-a571e9aaf5ff","Нет",,,,,,,,"04660214292545","75dcf013-55a2-4124-9b53-0ac622103bae","Хабаровский","7380440801739208","Нет"
"Продажа товара с некорректным статусом РД","Продажа товара с некорректным статусом РД","2025-06-15 06:28:43","Молочная продукция","Амурская область","Амурская обл, г Благовещенск, ул Мухина, 149","397417284440700613021482","0104650271282504215aJUcR",,"","2025-06-15 09:20:00","2724187340","8623802b-1474-42ec-80f2-a4530b1dcdad","Нет",,,,,,,,"04650271282504","624b4719-ebaf-451f-aa6a-c4e2ca5cd123","Благовещенск","7284440700613021","Да"
"Выбытие товара с превышением объема по ВСД","Выбыл из оборота товар с превышением объема по ВСД","2025-06-15 05:32:46","Молочная продукция","Хабаровский край","Хабаровский край, г Комсомольск-на-Амуре, ул Кирова, 54","86407380440801739254482","0104660214292545215LSa=5",,"","2025-06-15 09:28:00","2724187340","555f9280-8eeb-42c3-a738-f821543749da","Нет",,,,,,,,"04660214292545","057468af-0b8e-41bb-bd13-8564e6048ecc","Комсомольск-на-Амуре","7380440801739254","Нет"
"Выбытие товара с превышением объема по ВСД","Выбыл из оборота товар с превышением объема по ВСД","2025-06-15 05:32:46","Молочная продукция","Хабаровский край","Хабаровский край, г Комсомольск-на-Амуре, ул Кирова, 54","86407380440801739254482","0104660214292545215mRdH=",,"","2025-06-15 09:28:00","2724187340","0ad76775-7139-43ec-9d70-d13c5904aa44","Нет",,,,,,,,"04660214292545","057468af-0b8e-41bb-bd13-8564e6048ecc","Комсомольск-на-Амуре","7380440801739254","Нет"
