Сертификат,Код_группы,Название_группы,Успех,Код_ответа,ID_задачи,Ошибка_товарной_группы,Ошибка
Омелина Татьяна - тс28,1,Предметы одежды,НЕТ,400,,НЕТ,"{""error_message"":""Должно быть заполнено одно из полей: taskTypeId | name""}"
Омелина Татьяна - тс28,2,Обувные товары,НЕТ,400,,НЕТ,"{""error_message"":""Должно быть заполнено одно из полей: taskTypeId | name""}"
Омелина Татьяна - тс28,3,Табачная продукция,НЕТ,400,,НЕТ,"{""error_message"":""Должно быть заполнено одно из полей: taskTypeId | name""}"
Омелина Татьяна - тс28,4,Духи и туалетная вода,НЕТ,400,,НЕТ,"{""error_message"":""Должно быть заполнено одно из полей: taskTypeId | name""}"
Омелина Татьяна - тс28,5,Шины и покрышки,НЕТ,400,,НЕТ,"{""error_message"":""Должно быть заполнено одно из полей: taskTypeId | name""}"
Омелина Татьяна - тс28,6,Фотокамеры,НЕТ,400,,НЕТ,"{""error_message"":""Должно быть заполнено одно из полей: taskTypeId | name""}"
Омелина Татьяна - тс28,8,Молочная продукция,НЕТ,400,,НЕТ,"{""error_message"":""Должно быть заполнено одно из полей: taskTypeId | name""}"
Омелина Татьяна - тс28,9,Велосипеды,НЕТ,400,,НЕТ,"{""error_message"":""Должно быть заполнено одно из полей: taskTypeId | name""}"
Омелина Татьяна - тс28,10,Медицинские изделия,НЕТ,400,,НЕТ,"{""error_message"":""Должно быть заполнено одно из полей: taskTypeId | name""}"
Омелина Татьяна - тс28,11,Слабоалкогольные напитки,НЕТ,400,,НЕТ,"{""error_message"":""Должно быть заполнено одно из полей: taskTypeId | name""}"
Омелина Татьяна - тс28,12,Альтернативная табачная продукция,НЕТ,400,,НЕТ,"{""error_message"":""Должно быть заполнено одно из полей: taskTypeId | name""}"
Омелина Татьяна - тс28,13,Упакованная вода,НЕТ,400,,НЕТ,"{""error_message"":""Должно быть заполнено одно из полей: taskTypeId | name""}"
Омелина Татьяна - тс28,14,Товары из натурального меха,НЕТ,400,,НЕТ,"{""error_message"":""Должно быть заполнено одно из полей: taskTypeId | name""}"
Омелина Татьяна - тс28,15,Пиво,НЕТ,400,,НЕТ,"{""error_message"":""Должно быть заполнено одно из полей: taskTypeId | name""}"
Омелина Татьяна - тс28,22,Безалкогольное пиво,НЕТ,400,,НЕТ,"{""error_message"":""Должно быть заполнено одно из полей: taskTypeId | name""}"
Омелина Татьяна - тс28,23,Соковая продукция,НЕТ,400,,НЕТ,"{""error_message"":""Должно быть заполнено одно из полей: taskTypeId | name""}"
Омелина Татьяна - тс28,26,Ветеринарные препараты,НЕТ,400,,НЕТ,"{""error_message"":""Должно быть заполнено одно из полей: taskTypeId | name""}"
Омелина Татьяна - тс28,27,Игры и игрушки,НЕТ,400,,НЕТ,"{""error_message"":""Должно быть заполнено одно из полей: taskTypeId | name""}"
Омелина Татьяна - тс28,28,Радиоэлектронная продукция,НЕТ,400,,НЕТ,"{""error_message"":""Должно быть заполнено одно из полей: taskTypeId | name""}"
Омелина Татьяна - тс28,21,Морепродукты,НЕТ,400,,НЕТ,"{""error_message"":""Должно быть заполнено одно из полей: taskTypeId | name""}"
Омелина Татьяна - тс28,17,БАДы,НЕТ,400,,НЕТ,"{""error_message"":""Должно быть заполнено одно из полей: taskTypeId | name""}"
Омелина Татьяна - тс28,19,Антисептики,НЕТ,400,,НЕТ,"{""error_message"":""Должно быть заполнено одно из полей: taskTypeId | name""}"
Омелина Татьяна - тс28,35,Парфюмерия и косметика,НЕТ,400,,НЕТ,"{""error_message"":""Должно быть заполнено одно из полей: taskTypeId | name""}"
Омелина Татьяна - тс28,38,Лекарственные средства,НЕТ,400,,НЕТ,"{""error_message"":""Должно быть заполнено одно из полей: taskTypeId | name""}"
Хуторская Татьяна - тс324,1,Предметы одежды,НЕТ,400,,НЕТ,"{""error_message"":""Должно быть заполнено одно из полей: taskTypeId | name""}"
Хуторская Татьяна - тс324,2,Обувные товары,НЕТ,400,,НЕТ,"{""error_message"":""Должно быть заполнено одно из полей: taskTypeId | name""}"
Хуторская Татьяна - тс324,3,Табачная продукция,НЕТ,400,,НЕТ,"{""error_message"":""Должно быть заполнено одно из полей: taskTypeId | name""}"
Хуторская Татьяна - тс324,4,Духи и туалетная вода,НЕТ,400,,НЕТ,"{""error_message"":""Должно быть заполнено одно из полей: taskTypeId | name""}"
Хуторская Татьяна - тс324,5,Шины и покрышки,НЕТ,400,,НЕТ,"{""error_message"":""Должно быть заполнено одно из полей: taskTypeId | name""}"
Хуторская Татьяна - тс324,6,Фотокамеры,НЕТ,400,,НЕТ,"{""error_message"":""Должно быть заполнено одно из полей: taskTypeId | name""}"
Хуторская Татьяна - тс324,8,Молочная продукция,НЕТ,400,,НЕТ,"{""error_message"":""Должно быть заполнено одно из полей: taskTypeId | name""}"
Хуторская Татьяна - тс324,9,Велосипеды,НЕТ,400,,НЕТ,"{""error_message"":""Должно быть заполнено одно из полей: taskTypeId | name""}"
Хуторская Татьяна - тс324,10,Медицинские изделия,НЕТ,400,,НЕТ,"{""error_message"":""Должно быть заполнено одно из полей: taskTypeId | name""}"
Хуторская Татьяна - тс324,11,Слабоалкогольные напитки,НЕТ,400,,НЕТ,"{""error_message"":""Должно быть заполнено одно из полей: taskTypeId | name""}"
Хуторская Татьяна - тс324,12,Альтернативная табачная продукция,НЕТ,400,,НЕТ,"{""error_message"":""Должно быть заполнено одно из полей: taskTypeId | name""}"
Хуторская Татьяна - тс324,13,Упакованная вода,НЕТ,400,,НЕТ,"{""error_message"":""Должно быть заполнено одно из полей: taskTypeId | name""}"
Хуторская Татьяна - тс324,14,Товары из натурального меха,НЕТ,400,,НЕТ,"{""error_message"":""Должно быть заполнено одно из полей: taskTypeId | name""}"
Хуторская Татьяна - тс324,15,Пиво,НЕТ,400,,НЕТ,"{""error_message"":""Должно быть заполнено одно из полей: taskTypeId | name""}"
Хуторская Татьяна - тс324,22,Безалкогольное пиво,НЕТ,400,,НЕТ,"{""error_message"":""Должно быть заполнено одно из полей: taskTypeId | name""}"
Хуторская Татьяна - тс324,23,Соковая продукция,НЕТ,400,,НЕТ,"{""error_message"":""Должно быть заполнено одно из полей: taskTypeId | name""}"
Хуторская Татьяна - тс324,26,Ветеринарные препараты,НЕТ,400,,НЕТ,"{""error_message"":""Должно быть заполнено одно из полей: taskTypeId | name""}"
Хуторская Татьяна - тс324,27,Игры и игрушки,НЕТ,400,,НЕТ,"{""error_message"":""Должно быть заполнено одно из полей: taskTypeId | name""}"
Хуторская Татьяна - тс324,28,Радиоэлектронная продукция,НЕТ,400,,НЕТ,"{""error_message"":""Должно быть заполнено одно из полей: taskTypeId | name""}"
Хуторская Татьяна - тс324,21,Морепродукты,НЕТ,400,,НЕТ,"{""error_message"":""Должно быть заполнено одно из полей: taskTypeId | name""}"
Хуторская Татьяна - тс324,17,БАДы,НЕТ,400,,НЕТ,"{""error_message"":""Должно быть заполнено одно из полей: taskTypeId | name""}"
Хуторская Татьяна - тс324,19,Антисептики,НЕТ,400,,НЕТ,"{""error_message"":""Должно быть заполнено одно из полей: taskTypeId | name""}"
Хуторская Татьяна - тс324,35,Парфюмерия и косметика,НЕТ,400,,НЕТ,"{""error_message"":""Должно быть заполнено одно из полей: taskTypeId | name""}"
Хуторская Татьяна - тс324,38,Лекарственные средства,НЕТ,400,,НЕТ,"{""error_message"":""Должно быть заполнено одно из полей: taskTypeId | name""}"
Хуторская Татьяна - тс124,1,Предметы одежды,НЕТ,400,,НЕТ,"{""error_message"":""Должно быть заполнено одно из полей: taskTypeId | name""}"
Хуторская Татьяна - тс124,2,Обувные товары,НЕТ,400,,НЕТ,"{""error_message"":""Должно быть заполнено одно из полей: taskTypeId | name""}"
Хуторская Татьяна - тс124,3,Табачная продукция,НЕТ,400,,НЕТ,"{""error_message"":""Должно быть заполнено одно из полей: taskTypeId | name""}"
Хуторская Татьяна - тс124,4,Духи и туалетная вода,НЕТ,400,,НЕТ,"{""error_message"":""Должно быть заполнено одно из полей: taskTypeId | name""}"
Хуторская Татьяна - тс124,5,Шины и покрышки,НЕТ,400,,НЕТ,"{""error_message"":""Должно быть заполнено одно из полей: taskTypeId | name""}"
Хуторская Татьяна - тс124,6,Фотокамеры,НЕТ,400,,НЕТ,"{""error_message"":""Должно быть заполнено одно из полей: taskTypeId | name""}"
Хуторская Татьяна - тс124,8,Молочная продукция,НЕТ,400,,НЕТ,"{""error_message"":""Должно быть заполнено одно из полей: taskTypeId | name""}"
Хуторская Татьяна - тс124,9,Велосипеды,НЕТ,400,,НЕТ,"{""error_message"":""Должно быть заполнено одно из полей: taskTypeId | name""}"
Хуторская Татьяна - тс124,10,Медицинские изделия,НЕТ,400,,НЕТ,"{""error_message"":""Должно быть заполнено одно из полей: taskTypeId | name""}"
Хуторская Татьяна - тс124,11,Слабоалкогольные напитки,НЕТ,400,,НЕТ,"{""error_message"":""Должно быть заполнено одно из полей: taskTypeId | name""}"
Хуторская Татьяна - тс124,12,Альтернативная табачная продукция,НЕТ,400,,НЕТ,"{""error_message"":""Должно быть заполнено одно из полей: taskTypeId | name""}"
Хуторская Татьяна - тс124,13,Упакованная вода,НЕТ,400,,НЕТ,"{""error_message"":""Должно быть заполнено одно из полей: taskTypeId | name""}"
Хуторская Татьяна - тс124,14,Товары из натурального меха,НЕТ,400,,НЕТ,"{""error_message"":""Должно быть заполнено одно из полей: taskTypeId | name""}"
Хуторская Татьяна - тс124,15,Пиво,НЕТ,400,,НЕТ,"{""error_message"":""Должно быть заполнено одно из полей: taskTypeId | name""}"
Хуторская Татьяна - тс124,22,Безалкогольное пиво,НЕТ,400,,НЕТ,"{""error_message"":""Должно быть заполнено одно из полей: taskTypeId | name""}"
Хуторская Татьяна - тс124,23,Соковая продукция,НЕТ,400,,НЕТ,"{""error_message"":""Должно быть заполнено одно из полей: taskTypeId | name""}"
Хуторская Татьяна - тс124,26,Ветеринарные препараты,НЕТ,400,,НЕТ,"{""error_message"":""Должно быть заполнено одно из полей: taskTypeId | name""}"
Хуторская Татьяна - тс124,27,Игры и игрушки,НЕТ,400,,НЕТ,"{""error_message"":""Должно быть заполнено одно из полей: taskTypeId | name""}"
Хуторская Татьяна - тс124,28,Радиоэлектронная продукция,НЕТ,400,,НЕТ,"{""error_message"":""Должно быть заполнено одно из полей: taskTypeId | name""}"
Хуторская Татьяна - тс124,21,Морепродукты,НЕТ,400,,НЕТ,"{""error_message"":""Должно быть заполнено одно из полей: taskTypeId | name""}"
Хуторская Татьяна - тс124,17,БАДы,НЕТ,400,,НЕТ,"{""error_message"":""Должно быть заполнено одно из полей: taskTypeId | name""}"
Хуторская Татьяна - тс124,19,Антисептики,НЕТ,400,,НЕТ,"{""error_message"":""Должно быть заполнено одно из полей: taskTypeId | name""}"
Хуторская Татьяна - тс124,35,Парфюмерия и косметика,НЕТ,400,,НЕТ,"{""error_message"":""Должно быть заполнено одно из полей: taskTypeId | name""}"
Хуторская Татьяна - тс124,38,Лекарственные средства,НЕТ,400,,НЕТ,"{""error_message"":""Должно быть заполнено одно из полей: taskTypeId | name""}"
Хуторская Татьяна - тс3,1,Предметы одежды,НЕТ,400,,НЕТ,"{""error_message"":""Должно быть заполнено одно из полей: taskTypeId | name""}"
Хуторская Татьяна - тс3,2,Обувные товары,НЕТ,400,,НЕТ,"{""error_message"":""Должно быть заполнено одно из полей: taskTypeId | name""}"
Хуторская Татьяна - тс3,3,Табачная продукция,НЕТ,400,,НЕТ,"{""error_message"":""Должно быть заполнено одно из полей: taskTypeId | name""}"
Хуторская Татьяна - тс3,4,Духи и туалетная вода,НЕТ,400,,НЕТ,"{""error_message"":""Должно быть заполнено одно из полей: taskTypeId | name""}"
Хуторская Татьяна - тс3,5,Шины и покрышки,НЕТ,400,,НЕТ,"{""error_message"":""Должно быть заполнено одно из полей: taskTypeId | name""}"
Хуторская Татьяна - тс3,6,Фотокамеры,НЕТ,400,,НЕТ,"{""error_message"":""Должно быть заполнено одно из полей: taskTypeId | name""}"
Хуторская Татьяна - тс3,8,Молочная продукция,НЕТ,400,,НЕТ,"{""error_message"":""Должно быть заполнено одно из полей: taskTypeId | name""}"
Хуторская Татьяна - тс3,9,Велосипеды,НЕТ,400,,НЕТ,"{""error_message"":""Должно быть заполнено одно из полей: taskTypeId | name""}"
Хуторская Татьяна - тс3,10,Медицинские изделия,НЕТ,400,,НЕТ,"{""error_message"":""Должно быть заполнено одно из полей: taskTypeId | name""}"
Хуторская Татьяна - тс3,11,Слабоалкогольные напитки,НЕТ,400,,НЕТ,"{""error_message"":""Должно быть заполнено одно из полей: taskTypeId | name""}"
Хуторская Татьяна - тс3,12,Альтернативная табачная продукция,НЕТ,400,,НЕТ,"{""error_message"":""Должно быть заполнено одно из полей: taskTypeId | name""}"
Хуторская Татьяна - тс3,13,Упакованная вода,НЕТ,400,,НЕТ,"{""error_message"":""Должно быть заполнено одно из полей: taskTypeId | name""}"
Хуторская Татьяна - тс3,14,Товары из натурального меха,НЕТ,400,,НЕТ,"{""error_message"":""Должно быть заполнено одно из полей: taskTypeId | name""}"
Хуторская Татьяна - тс3,15,Пиво,НЕТ,400,,НЕТ,"{""error_message"":""Должно быть заполнено одно из полей: taskTypeId | name""}"
Хуторская Татьяна - тс3,22,Безалкогольное пиво,НЕТ,400,,НЕТ,"{""error_message"":""Должно быть заполнено одно из полей: taskTypeId | name""}"
Хуторская Татьяна - тс3,23,Соковая продукция,НЕТ,400,,НЕТ,"{""error_message"":""Должно быть заполнено одно из полей: taskTypeId | name""}"
Хуторская Татьяна - тс3,26,Ветеринарные препараты,НЕТ,400,,НЕТ,"{""error_message"":""Должно быть заполнено одно из полей: taskTypeId | name""}"
Хуторская Татьяна - тс3,27,Игры и игрушки,НЕТ,400,,НЕТ,"{""error_message"":""Должно быть заполнено одно из полей: taskTypeId | name""}"
Хуторская Татьяна - тс3,28,Радиоэлектронная продукция,НЕТ,400,,НЕТ,"{""error_message"":""Должно быть заполнено одно из полей: taskTypeId | name""}"
Хуторская Татьяна - тс3,21,Морепродукты,НЕТ,400,,НЕТ,"{""error_message"":""Должно быть заполнено одно из полей: taskTypeId | name""}"
Хуторская Татьяна - тс3,17,БАДы,НЕТ,400,,НЕТ,"{""error_message"":""Должно быть заполнено одно из полей: taskTypeId | name""}"
Хуторская Татьяна - тс3,19,Антисептики,НЕТ,400,,НЕТ,"{""error_message"":""Должно быть заполнено одно из полей: taskTypeId | name""}"
Хуторская Татьяна - тс3,35,Парфюмерия и косметика,НЕТ,400,,НЕТ,"{""error_message"":""Должно быть заполнено одно из полей: taskTypeId | name""}"
Хуторская Татьяна - тс3,38,Лекарственные средства,НЕТ,400,,НЕТ,"{""error_message"":""Должно быть заполнено одно из полей: taskTypeId | name""}"
Хуторская Татьяна - тс5,1,Предметы одежды,НЕТ,400,,НЕТ,"{""error_message"":""Должно быть заполнено одно из полей: taskTypeId | name""}"
Хуторская Татьяна - тс5,2,Обувные товары,НЕТ,400,,НЕТ,"{""error_message"":""Должно быть заполнено одно из полей: taskTypeId | name""}"
Хуторская Татьяна - тс5,3,Табачная продукция,НЕТ,400,,НЕТ,"{""error_message"":""Должно быть заполнено одно из полей: taskTypeId | name""}"
Хуторская Татьяна - тс5,4,Духи и туалетная вода,НЕТ,400,,НЕТ,"{""error_message"":""Должно быть заполнено одно из полей: taskTypeId | name""}"
Хуторская Татьяна - тс5,5,Шины и покрышки,НЕТ,400,,НЕТ,"{""error_message"":""Должно быть заполнено одно из полей: taskTypeId | name""}"
Хуторская Татьяна - тс5,6,Фотокамеры,НЕТ,400,,НЕТ,"{""error_message"":""Должно быть заполнено одно из полей: taskTypeId | name""}"
Хуторская Татьяна - тс5,8,Молочная продукция,НЕТ,400,,НЕТ,"{""error_message"":""Должно быть заполнено одно из полей: taskTypeId | name""}"
Хуторская Татьяна - тс5,9,Велосипеды,НЕТ,400,,НЕТ,"{""error_message"":""Должно быть заполнено одно из полей: taskTypeId | name""}"
Хуторская Татьяна - тс5,10,Медицинские изделия,НЕТ,400,,НЕТ,"{""error_message"":""Должно быть заполнено одно из полей: taskTypeId | name""}"
Хуторская Татьяна - тс5,11,Слабоалкогольные напитки,НЕТ,400,,НЕТ,"{""error_message"":""Должно быть заполнено одно из полей: taskTypeId | name""}"
Хуторская Татьяна - тс5,12,Альтернативная табачная продукция,НЕТ,400,,НЕТ,"{""error_message"":""Должно быть заполнено одно из полей: taskTypeId | name""}"
Хуторская Татьяна - тс5,13,Упакованная вода,НЕТ,400,,НЕТ,"{""error_message"":""Должно быть заполнено одно из полей: taskTypeId | name""}"
Хуторская Татьяна - тс5,14,Товары из натурального меха,НЕТ,400,,НЕТ,"{""error_message"":""Должно быть заполнено одно из полей: taskTypeId | name""}"
Хуторская Татьяна - тс5,15,Пиво,НЕТ,400,,НЕТ,"{""error_message"":""Должно быть заполнено одно из полей: taskTypeId | name""}"
Хуторская Татьяна - тс5,22,Безалкогольное пиво,НЕТ,400,,НЕТ,"{""error_message"":""Должно быть заполнено одно из полей: taskTypeId | name""}"
Хуторская Татьяна - тс5,23,Соковая продукция,НЕТ,400,,НЕТ,"{""error_message"":""Должно быть заполнено одно из полей: taskTypeId | name""}"
Хуторская Татьяна - тс5,26,Ветеринарные препараты,НЕТ,400,,НЕТ,"{""error_message"":""Должно быть заполнено одно из полей: taskTypeId | name""}"
Хуторская Татьяна - тс5,27,Игры и игрушки,НЕТ,400,,НЕТ,"{""error_message"":""Должно быть заполнено одно из полей: taskTypeId | name""}"
Хуторская Татьяна - тс5,28,Радиоэлектронная продукция,НЕТ,400,,НЕТ,"{""error_message"":""Должно быть заполнено одно из полей: taskTypeId | name""}"
Хуторская Татьяна - тс5,21,Морепродукты,НЕТ,400,,НЕТ,"{""error_message"":""Должно быть заполнено одно из полей: taskTypeId | name""}"
Хуторская Татьяна - тс5,17,БАДы,НЕТ,400,,НЕТ,"{""error_message"":""Должно быть заполнено одно из полей: taskTypeId | name""}"
Хуторская Татьяна - тс5,19,Антисептики,НЕТ,400,,НЕТ,"{""error_message"":""Должно быть заполнено одно из полей: taskTypeId | name""}"
Хуторская Татьяна - тс5,35,Парфюмерия и косметика,НЕТ,400,,НЕТ,"{""error_message"":""Должно быть заполнено одно из полей: taskTypeId | name""}"
Хуторская Татьяна - тс5,38,Лекарственные средства,НЕТ,400,,НЕТ,"{""error_message"":""Должно быть заполнено одно из полей: taskTypeId | name""}"
Тимофеева Елена - тс138,1,Предметы одежды,НЕТ,400,,НЕТ,"{""error_message"":""Должно быть заполнено одно из полей: taskTypeId | name""}"
Тимофеева Елена - тс138,2,Обувные товары,НЕТ,400,,НЕТ,"{""error_message"":""Должно быть заполнено одно из полей: taskTypeId | name""}"
Тимофеева Елена - тс138,3,Табачная продукция,НЕТ,400,,НЕТ,"{""error_message"":""Должно быть заполнено одно из полей: taskTypeId | name""}"
Тимофеева Елена - тс138,4,Духи и туалетная вода,НЕТ,400,,НЕТ,"{""error_message"":""Должно быть заполнено одно из полей: taskTypeId | name""}"
Тимофеева Елена - тс138,5,Шины и покрышки,НЕТ,400,,НЕТ,"{""error_message"":""Должно быть заполнено одно из полей: taskTypeId | name""}"
Тимофеева Елена - тс138,6,Фотокамеры,НЕТ,400,,НЕТ,"{""error_message"":""Должно быть заполнено одно из полей: taskTypeId | name""}"
Тимофеева Елена - тс138,8,Молочная продукция,НЕТ,400,,НЕТ,"{""error_message"":""Должно быть заполнено одно из полей: taskTypeId | name""}"
Тимофеева Елена - тс138,9,Велосипеды,НЕТ,400,,НЕТ,"{""error_message"":""Должно быть заполнено одно из полей: taskTypeId | name""}"
Тимофеева Елена - тс138,10,Медицинские изделия,НЕТ,400,,НЕТ,"{""error_message"":""Должно быть заполнено одно из полей: taskTypeId | name""}"
Тимофеева Елена - тс138,11,Слабоалкогольные напитки,НЕТ,400,,НЕТ,"{""error_message"":""Должно быть заполнено одно из полей: taskTypeId | name""}"
Тимофеева Елена - тс138,12,Альтернативная табачная продукция,НЕТ,400,,НЕТ,"{""error_message"":""Должно быть заполнено одно из полей: taskTypeId | name""}"
Тимофеева Елена - тс138,13,Упакованная вода,НЕТ,400,,НЕТ,"{""error_message"":""Должно быть заполнено одно из полей: taskTypeId | name""}"
Тимофеева Елена - тс138,14,Товары из натурального меха,НЕТ,400,,НЕТ,"{""error_message"":""Должно быть заполнено одно из полей: taskTypeId | name""}"
Тимофеева Елена - тс138,15,Пиво,НЕТ,400,,НЕТ,"{""error_message"":""Должно быть заполнено одно из полей: taskTypeId | name""}"
Тимофеева Елена - тс138,22,Безалкогольное пиво,НЕТ,400,,НЕТ,"{""error_message"":""Должно быть заполнено одно из полей: taskTypeId | name""}"
Тимофеева Елена - тс138,23,Соковая продукция,НЕТ,400,,НЕТ,"{""error_message"":""Должно быть заполнено одно из полей: taskTypeId | name""}"
Тимофеева Елена - тс138,26,Ветеринарные препараты,НЕТ,400,,НЕТ,"{""error_message"":""Должно быть заполнено одно из полей: taskTypeId | name""}"
Тимофеева Елена - тс138,27,Игры и игрушки,НЕТ,400,,НЕТ,"{""error_message"":""Должно быть заполнено одно из полей: taskTypeId | name""}"
Тимофеева Елена - тс138,28,Радиоэлектронная продукция,НЕТ,400,,НЕТ,"{""error_message"":""Должно быть заполнено одно из полей: taskTypeId | name""}"
Тимофеева Елена - тс138,21,Морепродукты,НЕТ,400,,НЕТ,"{""error_message"":""Должно быть заполнено одно из полей: taskTypeId | name""}"
Тимофеева Елена - тс138,17,БАДы,НЕТ,400,,НЕТ,"{""error_message"":""Должно быть заполнено одно из полей: taskTypeId | name""}"
Тимофеева Елена - тс138,19,Антисептики,НЕТ,400,,НЕТ,"{""error_message"":""Должно быть заполнено одно из полей: taskTypeId | name""}"
Тимофеева Елена - тс138,35,Парфюмерия и косметика,НЕТ,400,,НЕТ,"{""error_message"":""Должно быть заполнено одно из полей: taskTypeId | name""}"
Тимофеева Елена - тс138,38,Лекарственные средства,НЕТ,400,,НЕТ,"{""error_message"":""Должно быть заполнено одно из полей: taskTypeId | name""}"
Тимофеева Елена - тс238,1,Предметы одежды,НЕТ,400,,НЕТ,"{""error_message"":""Должно быть заполнено одно из полей: taskTypeId | name""}"
Тимофеева Елена - тс238,2,Обувные товары,НЕТ,400,,НЕТ,"{""error_message"":""Должно быть заполнено одно из полей: taskTypeId | name""}"
Тимофеева Елена - тс238,3,Табачная продукция,НЕТ,400,,НЕТ,"{""error_message"":""Должно быть заполнено одно из полей: taskTypeId | name""}"
Тимофеева Елена - тс238,4,Духи и туалетная вода,НЕТ,400,,НЕТ,"{""error_message"":""Должно быть заполнено одно из полей: taskTypeId | name""}"
Тимофеева Елена - тс238,5,Шины и покрышки,НЕТ,400,,НЕТ,"{""error_message"":""Должно быть заполнено одно из полей: taskTypeId | name""}"
Тимофеева Елена - тс238,6,Фотокамеры,НЕТ,400,,НЕТ,"{""error_message"":""Должно быть заполнено одно из полей: taskTypeId | name""}"
Тимофеева Елена - тс238,8,Молочная продукция,НЕТ,400,,НЕТ,"{""error_message"":""Должно быть заполнено одно из полей: taskTypeId | name""}"
Тимофеева Елена - тс238,9,Велосипеды,НЕТ,400,,НЕТ,"{""error_message"":""Должно быть заполнено одно из полей: taskTypeId | name""}"
Тимофеева Елена - тс238,10,Медицинские изделия,НЕТ,400,,НЕТ,"{""error_message"":""Должно быть заполнено одно из полей: taskTypeId | name""}"
Тимофеева Елена - тс238,11,Слабоалкогольные напитки,НЕТ,400,,НЕТ,"{""error_message"":""Должно быть заполнено одно из полей: taskTypeId | name""}"
Тимофеева Елена - тс238,12,Альтернативная табачная продукция,НЕТ,400,,НЕТ,"{""error_message"":""Должно быть заполнено одно из полей: taskTypeId | name""}"
Тимофеева Елена - тс238,13,Упакованная вода,НЕТ,400,,НЕТ,"{""error_message"":""Должно быть заполнено одно из полей: taskTypeId | name""}"
Тимофеева Елена - тс238,14,Товары из натурального меха,НЕТ,400,,НЕТ,"{""error_message"":""Должно быть заполнено одно из полей: taskTypeId | name""}"
Тимофеева Елена - тс238,15,Пиво,НЕТ,400,,НЕТ,"{""error_message"":""Должно быть заполнено одно из полей: taskTypeId | name""}"
Тимофеева Елена - тс238,22,Безалкогольное пиво,НЕТ,400,,НЕТ,"{""error_message"":""Должно быть заполнено одно из полей: taskTypeId | name""}"
Тимофеева Елена - тс238,23,Соковая продукция,НЕТ,400,,НЕТ,"{""error_message"":""Должно быть заполнено одно из полей: taskTypeId | name""}"
Тимофеева Елена - тс238,26,Ветеринарные препараты,НЕТ,400,,НЕТ,"{""error_message"":""Должно быть заполнено одно из полей: taskTypeId | name""}"
Тимофеева Елена - тс238,27,Игры и игрушки,НЕТ,400,,НЕТ,"{""error_message"":""Должно быть заполнено одно из полей: taskTypeId | name""}"
Тимофеева Елена - тс238,28,Радиоэлектронная продукция,НЕТ,400,,НЕТ,"{""error_message"":""Должно быть заполнено одно из полей: taskTypeId | name""}"
Тимофеева Елена - тс238,21,Морепродукты,НЕТ,400,,НЕТ,"{""error_message"":""Должно быть заполнено одно из полей: taskTypeId | name""}"
Тимофеева Елена - тс238,17,БАДы,НЕТ,400,,НЕТ,"{""error_message"":""Должно быть заполнено одно из полей: taskTypeId | name""}"
Тимофеева Елена - тс238,19,Антисептики,НЕТ,400,,НЕТ,"{""error_message"":""Должно быть заполнено одно из полей: taskTypeId | name""}"
Тимофеева Елена - тс238,35,Парфюмерия и косметика,НЕТ,400,,НЕТ,"{""error_message"":""Должно быть заполнено одно из полей: taskTypeId | name""}"
Тимофеева Елена - тс238,38,Лекарственные средства,НЕТ,400,,НЕТ,"{""error_message"":""Должно быть заполнено одно из полей: taskTypeId | name""}"
Тимофеева Елена - тс338,1,Предметы одежды,НЕТ,400,,НЕТ,"{""error_message"":""Должно быть заполнено одно из полей: taskTypeId | name""}"
Тимофеева Елена - тс338,2,Обувные товары,НЕТ,400,,НЕТ,"{""error_message"":""Должно быть заполнено одно из полей: taskTypeId | name""}"
Тимофеева Елена - тс338,3,Табачная продукция,НЕТ,400,,НЕТ,"{""error_message"":""Должно быть заполнено одно из полей: taskTypeId | name""}"
Тимофеева Елена - тс338,4,Духи и туалетная вода,НЕТ,400,,НЕТ,"{""error_message"":""Должно быть заполнено одно из полей: taskTypeId | name""}"
Тимофеева Елена - тс338,5,Шины и покрышки,НЕТ,400,,НЕТ,"{""error_message"":""Должно быть заполнено одно из полей: taskTypeId | name""}"
Тимофеева Елена - тс338,6,Фотокамеры,НЕТ,400,,НЕТ,"{""error_message"":""Должно быть заполнено одно из полей: taskTypeId | name""}"
Тимофеева Елена - тс338,8,Молочная продукция,НЕТ,400,,НЕТ,"{""error_message"":""Должно быть заполнено одно из полей: taskTypeId | name""}"
Тимофеева Елена - тс338,9,Велосипеды,НЕТ,400,,НЕТ,"{""error_message"":""Должно быть заполнено одно из полей: taskTypeId | name""}"
Тимофеева Елена - тс338,10,Медицинские изделия,НЕТ,400,,НЕТ,"{""error_message"":""Должно быть заполнено одно из полей: taskTypeId | name""}"
Тимофеева Елена - тс338,11,Слабоалкогольные напитки,НЕТ,400,,НЕТ,"{""error_message"":""Должно быть заполнено одно из полей: taskTypeId | name""}"
Тимофеева Елена - тс338,12,Альтернативная табачная продукция,НЕТ,400,,НЕТ,"{""error_message"":""Должно быть заполнено одно из полей: taskTypeId | name""}"
Тимофеева Елена - тс338,13,Упакованная вода,НЕТ,400,,НЕТ,"{""error_message"":""Должно быть заполнено одно из полей: taskTypeId | name""}"
Тимофеева Елена - тс338,14,Товары из натурального меха,НЕТ,400,,НЕТ,"{""error_message"":""Должно быть заполнено одно из полей: taskTypeId | name""}"
Тимофеева Елена - тс338,15,Пиво,НЕТ,400,,НЕТ,"{""error_message"":""Должно быть заполнено одно из полей: taskTypeId | name""}"
Тимофеева Елена - тс338,22,Безалкогольное пиво,НЕТ,400,,НЕТ,"{""error_message"":""Должно быть заполнено одно из полей: taskTypeId | name""}"
Тимофеева Елена - тс338,23,Соковая продукция,НЕТ,400,,НЕТ,"{""error_message"":""Должно быть заполнено одно из полей: taskTypeId | name""}"
Тимофеева Елена - тс338,26,Ветеринарные препараты,НЕТ,400,,НЕТ,"{""error_message"":""Должно быть заполнено одно из полей: taskTypeId | name""}"
Тимофеева Елена - тс338,27,Игры и игрушки,НЕТ,400,,НЕТ,"{""error_message"":""Должно быть заполнено одно из полей: taskTypeId | name""}"
Тимофеева Елена - тс338,28,Радиоэлектронная продукция,НЕТ,400,,НЕТ,"{""error_message"":""Должно быть заполнено одно из полей: taskTypeId | name""}"
Тимофеева Елена - тс338,21,Морепродукты,НЕТ,400,,НЕТ,"{""error_message"":""Должно быть заполнено одно из полей: taskTypeId | name""}"
Тимофеева Елена - тс338,17,БАДы,НЕТ,400,,НЕТ,"{""error_message"":""Должно быть заполнено одно из полей: taskTypeId | name""}"
Тимофеева Елена - тс338,19,Антисептики,НЕТ,400,,НЕТ,"{""error_message"":""Должно быть заполнено одно из полей: taskTypeId | name""}"
Тимофеева Елена - тс338,35,Парфюмерия и косметика,НЕТ,400,,НЕТ,"{""error_message"":""Должно быть заполнено одно из полей: taskTypeId | name""}"
Тимофеева Елена - тс338,38,Лекарственные средства,НЕТ,400,,НЕТ,"{""error_message"":""Должно быть заполнено одно из полей: taskTypeId | name""}"
Соколова Татьяна - тс22,1,Предметы одежды,НЕТ,400,,НЕТ,"{""error_message"":""Должно быть заполнено одно из полей: taskTypeId | name""}"
Соколова Татьяна - тс22,2,Обувные товары,НЕТ,400,,НЕТ,"{""error_message"":""Должно быть заполнено одно из полей: taskTypeId | name""}"
Соколова Татьяна - тс22,3,Табачная продукция,НЕТ,400,,НЕТ,"{""error_message"":""Должно быть заполнено одно из полей: taskTypeId | name""}"
Соколова Татьяна - тс22,4,Духи и туалетная вода,НЕТ,400,,НЕТ,"{""error_message"":""Должно быть заполнено одно из полей: taskTypeId | name""}"
Соколова Татьяна - тс22,5,Шины и покрышки,НЕТ,400,,НЕТ,"{""error_message"":""Должно быть заполнено одно из полей: taskTypeId | name""}"
Соколова Татьяна - тс22,6,Фотокамеры,НЕТ,400,,НЕТ,"{""error_message"":""Должно быть заполнено одно из полей: taskTypeId | name""}"
Соколова Татьяна - тс22,8,Молочная продукция,НЕТ,400,,НЕТ,"{""error_message"":""Должно быть заполнено одно из полей: taskTypeId | name""}"
Соколова Татьяна - тс22,9,Велосипеды,НЕТ,400,,НЕТ,"{""error_message"":""Должно быть заполнено одно из полей: taskTypeId | name""}"
Соколова Татьяна - тс22,10,Медицинские изделия,НЕТ,400,,НЕТ,"{""error_message"":""Должно быть заполнено одно из полей: taskTypeId | name""}"
Соколова Татьяна - тс22,11,Слабоалкогольные напитки,НЕТ,400,,НЕТ,"{""error_message"":""Должно быть заполнено одно из полей: taskTypeId | name""}"
Соколова Татьяна - тс22,12,Альтернативная табачная продукция,НЕТ,400,,НЕТ,"{""error_message"":""Должно быть заполнено одно из полей: taskTypeId | name""}"
Соколова Татьяна - тс22,13,Упакованная вода,НЕТ,400,,НЕТ,"{""error_message"":""Должно быть заполнено одно из полей: taskTypeId | name""}"
Соколова Татьяна - тс22,14,Товары из натурального меха,НЕТ,400,,НЕТ,"{""error_message"":""Должно быть заполнено одно из полей: taskTypeId | name""}"
Соколова Татьяна - тс22,15,Пиво,НЕТ,400,,НЕТ,"{""error_message"":""Должно быть заполнено одно из полей: taskTypeId | name""}"
Соколова Татьяна - тс22,22,Безалкогольное пиво,НЕТ,400,,НЕТ,"{""error_message"":""Должно быть заполнено одно из полей: taskTypeId | name""}"
Соколова Татьяна - тс22,23,Соковая продукция,НЕТ,400,,НЕТ,"{""error_message"":""Должно быть заполнено одно из полей: taskTypeId | name""}"
Соколова Татьяна - тс22,26,Ветеринарные препараты,НЕТ,400,,НЕТ,"{""error_message"":""Должно быть заполнено одно из полей: taskTypeId | name""}"
Соколова Татьяна - тс22,27,Игры и игрушки,НЕТ,400,,НЕТ,"{""error_message"":""Должно быть заполнено одно из полей: taskTypeId | name""}"
Соколова Татьяна - тс22,28,Радиоэлектронная продукция,НЕТ,400,,НЕТ,"{""error_message"":""Должно быть заполнено одно из полей: taskTypeId | name""}"
Соколова Татьяна - тс22,21,Морепродукты,НЕТ,400,,НЕТ,"{""error_message"":""Должно быть заполнено одно из полей: taskTypeId | name""}"
Соколова Татьяна - тс22,17,БАДы,НЕТ,400,,НЕТ,"{""error_message"":""Должно быть заполнено одно из полей: taskTypeId | name""}"
Соколова Татьяна - тс22,19,Антисептики,НЕТ,400,,НЕТ,"{""error_message"":""Должно быть заполнено одно из полей: taskTypeId | name""}"
Соколова Татьяна - тс22,35,Парфюмерия и косметика,НЕТ,400,,НЕТ,"{""error_message"":""Должно быть заполнено одно из полей: taskTypeId | name""}"
Соколова Татьяна - тс22,38,Лекарственные средства,НЕТ,400,,НЕТ,"{""error_message"":""Должно быть заполнено одно из полей: taskTypeId | name""}"
Лежнева Евгения - тс54,1,Предметы одежды,НЕТ,400,,НЕТ,"{""error_message"":""Должно быть заполнено одно из полей: taskTypeId | name""}"
Лежнева Евгения - тс54,2,Обувные товары,НЕТ,400,,НЕТ,"{""error_message"":""Должно быть заполнено одно из полей: taskTypeId | name""}"
Лежнева Евгения - тс54,3,Табачная продукция,НЕТ,400,,НЕТ,"{""error_message"":""Должно быть заполнено одно из полей: taskTypeId | name""}"
Лежнева Евгения - тс54,4,Духи и туалетная вода,НЕТ,400,,НЕТ,"{""error_message"":""Должно быть заполнено одно из полей: taskTypeId | name""}"
Лежнева Евгения - тс54,5,Шины и покрышки,НЕТ,400,,НЕТ,"{""error_message"":""Должно быть заполнено одно из полей: taskTypeId | name""}"
Лежнева Евгения - тс54,6,Фотокамеры,НЕТ,400,,НЕТ,"{""error_message"":""Должно быть заполнено одно из полей: taskTypeId | name""}"
Лежнева Евгения - тс54,8,Молочная продукция,НЕТ,400,,НЕТ,"{""error_message"":""Должно быть заполнено одно из полей: taskTypeId | name""}"
Лежнева Евгения - тс54,9,Велосипеды,НЕТ,400,,НЕТ,"{""error_message"":""Должно быть заполнено одно из полей: taskTypeId | name""}"
Лежнева Евгения - тс54,10,Медицинские изделия,НЕТ,400,,НЕТ,"{""error_message"":""Должно быть заполнено одно из полей: taskTypeId | name""}"
Лежнева Евгения - тс54,11,Слабоалкогольные напитки,НЕТ,400,,НЕТ,"{""error_message"":""Должно быть заполнено одно из полей: taskTypeId | name""}"
Лежнева Евгения - тс54,12,Альтернативная табачная продукция,НЕТ,400,,НЕТ,"{""error_message"":""Должно быть заполнено одно из полей: taskTypeId | name""}"
Лежнева Евгения - тс54,13,Упакованная вода,НЕТ,400,,НЕТ,"{""error_message"":""Должно быть заполнено одно из полей: taskTypeId | name""}"
Лежнева Евгения - тс54,14,Товары из натурального меха,НЕТ,400,,НЕТ,"{""error_message"":""Должно быть заполнено одно из полей: taskTypeId | name""}"
Лежнева Евгения - тс54,15,Пиво,НЕТ,400,,НЕТ,"{""error_message"":""Должно быть заполнено одно из полей: taskTypeId | name""}"
Лежнева Евгения - тс54,22,Безалкогольное пиво,НЕТ,400,,НЕТ,"{""error_message"":""Должно быть заполнено одно из полей: taskTypeId | name""}"
Лежнева Евгения - тс54,23,Соковая продукция,НЕТ,400,,НЕТ,"{""error_message"":""Должно быть заполнено одно из полей: taskTypeId | name""}"
Лежнева Евгения - тс54,26,Ветеринарные препараты,НЕТ,400,,НЕТ,"{""error_message"":""Должно быть заполнено одно из полей: taskTypeId | name""}"
Лежнева Евгения - тс54,27,Игры и игрушки,НЕТ,400,,НЕТ,"{""error_message"":""Должно быть заполнено одно из полей: taskTypeId | name""}"
Лежнева Евгения - тс54,28,Радиоэлектронная продукция,НЕТ,400,,НЕТ,"{""error_message"":""Должно быть заполнено одно из полей: taskTypeId | name""}"
Лежнева Евгения - тс54,21,Морепродукты,НЕТ,400,,НЕТ,"{""error_message"":""Должно быть заполнено одно из полей: taskTypeId | name""}"
Лежнева Евгения - тс54,17,БАДы,НЕТ,400,,НЕТ,"{""error_message"":""Должно быть заполнено одно из полей: taskTypeId | name""}"
Лежнева Евгения - тс54,19,Антисептики,НЕТ,400,,НЕТ,"{""error_message"":""Должно быть заполнено одно из полей: taskTypeId | name""}"
Лежнева Евгения - тс54,35,Парфюмерия и косметика,НЕТ,400,,НЕТ,"{""error_message"":""Должно быть заполнено одно из полей: taskTypeId | name""}"
Лежнева Евгения - тс54,38,Лекарственные средства,НЕТ,400,,НЕТ,"{""error_message"":""Должно быть заполнено одно из полей: taskTypeId | name""}"
Лежнева Евгения - тс55,1,Предметы одежды,НЕТ,400,,НЕТ,"{""error_message"":""Должно быть заполнено одно из полей: taskTypeId | name""}"
Лежнева Евгения - тс55,2,Обувные товары,НЕТ,400,,НЕТ,"{""error_message"":""Должно быть заполнено одно из полей: taskTypeId | name""}"
Лежнева Евгения - тс55,3,Табачная продукция,НЕТ,400,,НЕТ,"{""error_message"":""Должно быть заполнено одно из полей: taskTypeId | name""}"
Лежнева Евгения - тс55,4,Духи и туалетная вода,НЕТ,400,,НЕТ,"{""error_message"":""Должно быть заполнено одно из полей: taskTypeId | name""}"
Лежнева Евгения - тс55,5,Шины и покрышки,НЕТ,400,,НЕТ,"{""error_message"":""Должно быть заполнено одно из полей: taskTypeId | name""}"
Лежнева Евгения - тс55,6,Фотокамеры,НЕТ,400,,НЕТ,"{""error_message"":""Должно быть заполнено одно из полей: taskTypeId | name""}"
Лежнева Евгения - тс55,8,Молочная продукция,НЕТ,400,,НЕТ,"{""error_message"":""Должно быть заполнено одно из полей: taskTypeId | name""}"
Лежнева Евгения - тс55,9,Велосипеды,НЕТ,400,,НЕТ,"{""error_message"":""Должно быть заполнено одно из полей: taskTypeId | name""}"
Лежнева Евгения - тс55,10,Медицинские изделия,НЕТ,400,,НЕТ,"{""error_message"":""Должно быть заполнено одно из полей: taskTypeId | name""}"
Лежнева Евгения - тс55,11,Слабоалкогольные напитки,НЕТ,400,,НЕТ,"{""error_message"":""Должно быть заполнено одно из полей: taskTypeId | name""}"
Лежнева Евгения - тс55,12,Альтернативная табачная продукция,НЕТ,400,,НЕТ,"{""error_message"":""Должно быть заполнено одно из полей: taskTypeId | name""}"
Лежнева Евгения - тс55,13,Упакованная вода,НЕТ,400,,НЕТ,"{""error_message"":""Должно быть заполнено одно из полей: taskTypeId | name""}"
Лежнева Евгения - тс55,14,Товары из натурального меха,НЕТ,400,,НЕТ,"{""error_message"":""Должно быть заполнено одно из полей: taskTypeId | name""}"
Лежнева Евгения - тс55,15,Пиво,НЕТ,400,,НЕТ,"{""error_message"":""Должно быть заполнено одно из полей: taskTypeId | name""}"
Лежнева Евгения - тс55,22,Безалкогольное пиво,НЕТ,400,,НЕТ,"{""error_message"":""Должно быть заполнено одно из полей: taskTypeId | name""}"
Лежнева Евгения - тс55,23,Соковая продукция,НЕТ,400,,НЕТ,"{""error_message"":""Должно быть заполнено одно из полей: taskTypeId | name""}"
Лежнева Евгения - тс55,26,Ветеринарные препараты,НЕТ,400,,НЕТ,"{""error_message"":""Должно быть заполнено одно из полей: taskTypeId | name""}"
Лежнева Евгения - тс55,27,Игры и игрушки,НЕТ,400,,НЕТ,"{""error_message"":""Должно быть заполнено одно из полей: taskTypeId | name""}"
Лежнева Евгения - тс55,28,Радиоэлектронная продукция,НЕТ,400,,НЕТ,"{""error_message"":""Должно быть заполнено одно из полей: taskTypeId | name""}"
Лежнева Евгения - тс55,21,Морепродукты,НЕТ,400,,НЕТ,"{""error_message"":""Должно быть заполнено одно из полей: taskTypeId | name""}"
Лежнева Евгения - тс55,17,БАДы,НЕТ,400,,НЕТ,"{""error_message"":""Должно быть заполнено одно из полей: taskTypeId | name""}"
Лежнева Евгения - тс55,19,Антисептики,НЕТ,400,,НЕТ,"{""error_message"":""Должно быть заполнено одно из полей: taskTypeId | name""}"
Лежнева Евгения - тс55,35,Парфюмерия и косметика,НЕТ,400,,НЕТ,"{""error_message"":""Должно быть заполнено одно из полей: taskTypeId | name""}"
Лежнева Евгения - тс55,38,Лекарственные средства,НЕТ,400,,НЕТ,"{""error_message"":""Должно быть заполнено одно из полей: taskTypeId | name""}"
Лежнева Евгения - тс142,1,Предметы одежды,НЕТ,400,,НЕТ,"{""error_message"":""Должно быть заполнено одно из полей: taskTypeId | name""}"
Лежнева Евгения - тс142,2,Обувные товары,НЕТ,400,,НЕТ,"{""error_message"":""Должно быть заполнено одно из полей: taskTypeId | name""}"
Лежнева Евгения - тс142,3,Табачная продукция,НЕТ,400,,НЕТ,"{""error_message"":""Должно быть заполнено одно из полей: taskTypeId | name""}"
Лежнева Евгения - тс142,4,Духи и туалетная вода,НЕТ,400,,НЕТ,"{""error_message"":""Должно быть заполнено одно из полей: taskTypeId | name""}"
Лежнева Евгения - тс142,5,Шины и покрышки,НЕТ,400,,НЕТ,"{""error_message"":""Должно быть заполнено одно из полей: taskTypeId | name""}"
Лежнева Евгения - тс142,6,Фотокамеры,НЕТ,400,,НЕТ,"{""error_message"":""Должно быть заполнено одно из полей: taskTypeId | name""}"
Лежнева Евгения - тс142,8,Молочная продукция,НЕТ,400,,НЕТ,"{""error_message"":""Должно быть заполнено одно из полей: taskTypeId | name""}"
Лежнева Евгения - тс142,9,Велосипеды,НЕТ,400,,НЕТ,"{""error_message"":""Должно быть заполнено одно из полей: taskTypeId | name""}"
Лежнева Евгения - тс142,10,Медицинские изделия,НЕТ,400,,НЕТ,"{""error_message"":""Должно быть заполнено одно из полей: taskTypeId | name""}"
Лежнева Евгения - тс142,11,Слабоалкогольные напитки,НЕТ,400,,НЕТ,"{""error_message"":""Должно быть заполнено одно из полей: taskTypeId | name""}"
Лежнева Евгения - тс142,12,Альтернативная табачная продукция,НЕТ,400,,НЕТ,"{""error_message"":""Должно быть заполнено одно из полей: taskTypeId | name""}"
Лежнева Евгения - тс142,13,Упакованная вода,НЕТ,400,,НЕТ,"{""error_message"":""Должно быть заполнено одно из полей: taskTypeId | name""}"
Лежнева Евгения - тс142,14,Товары из натурального меха,НЕТ,400,,НЕТ,"{""error_message"":""Должно быть заполнено одно из полей: taskTypeId | name""}"
Лежнева Евгения - тс142,15,Пиво,НЕТ,400,,НЕТ,"{""error_message"":""Должно быть заполнено одно из полей: taskTypeId | name""}"
Лежнева Евгения - тс142,22,Безалкогольное пиво,НЕТ,400,,НЕТ,"{""error_message"":""Должно быть заполнено одно из полей: taskTypeId | name""}"
Лежнева Евгения - тс142,23,Соковая продукция,НЕТ,400,,НЕТ,"{""error_message"":""Должно быть заполнено одно из полей: taskTypeId | name""}"
Лежнева Евгения - тс142,26,Ветеринарные препараты,НЕТ,400,,НЕТ,"{""error_message"":""Должно быть заполнено одно из полей: taskTypeId | name""}"
Лежнева Евгения - тс142,27,Игры и игрушки,НЕТ,400,,НЕТ,"{""error_message"":""Должно быть заполнено одно из полей: taskTypeId | name""}"
Лежнева Евгения - тс142,28,Радиоэлектронная продукция,НЕТ,400,,НЕТ,"{""error_message"":""Должно быть заполнено одно из полей: taskTypeId | name""}"
Лежнева Евгения - тс142,21,Морепродукты,НЕТ,400,,НЕТ,"{""error_message"":""Должно быть заполнено одно из полей: taskTypeId | name""}"
Лежнева Евгения - тс142,17,БАДы,НЕТ,400,,НЕТ,"{""error_message"":""Должно быть заполнено одно из полей: taskTypeId | name""}"
Лежнева Евгения - тс142,19,Антисептики,НЕТ,400,,НЕТ,"{""error_message"":""Должно быть заполнено одно из полей: taskTypeId | name""}"
Лежнева Евгения - тс142,35,Парфюмерия и косметика,НЕТ,400,,НЕТ,"{""error_message"":""Должно быть заполнено одно из полей: taskTypeId | name""}"
Лежнева Евгения - тс142,38,Лекарственные средства,НЕТ,400,,НЕТ,"{""error_message"":""Должно быть заполнено одно из полей: taskTypeId | name""}"
Костишина Наталья - тс25,1,Предметы одежды,НЕТ,400,,НЕТ,"{""error_message"":""Должно быть заполнено одно из полей: taskTypeId | name""}"
Костишина Наталья - тс25,2,Обувные товары,НЕТ,400,,НЕТ,"{""error_message"":""Должно быть заполнено одно из полей: taskTypeId | name""}"
Костишина Наталья - тс25,3,Табачная продукция,НЕТ,400,,НЕТ,"{""error_message"":""Должно быть заполнено одно из полей: taskTypeId | name""}"
Костишина Наталья - тс25,4,Духи и туалетная вода,НЕТ,400,,НЕТ,"{""error_message"":""Должно быть заполнено одно из полей: taskTypeId | name""}"
Костишина Наталья - тс25,5,Шины и покрышки,НЕТ,400,,НЕТ,"{""error_message"":""Должно быть заполнено одно из полей: taskTypeId | name""}"
Костишина Наталья - тс25,6,Фотокамеры,НЕТ,400,,НЕТ,"{""error_message"":""Должно быть заполнено одно из полей: taskTypeId | name""}"
Костишина Наталья - тс25,8,Молочная продукция,НЕТ,400,,НЕТ,"{""error_message"":""Должно быть заполнено одно из полей: taskTypeId | name""}"
Костишина Наталья - тс25,9,Велосипеды,НЕТ,400,,НЕТ,"{""error_message"":""Должно быть заполнено одно из полей: taskTypeId | name""}"
Костишина Наталья - тс25,10,Медицинские изделия,НЕТ,400,,НЕТ,"{""error_message"":""Должно быть заполнено одно из полей: taskTypeId | name""}"
Костишина Наталья - тс25,11,Слабоалкогольные напитки,НЕТ,400,,НЕТ,"{""error_message"":""Должно быть заполнено одно из полей: taskTypeId | name""}"
Костишина Наталья - тс25,12,Альтернативная табачная продукция,НЕТ,400,,НЕТ,"{""error_message"":""Должно быть заполнено одно из полей: taskTypeId | name""}"
Костишина Наталья - тс25,13,Упакованная вода,НЕТ,400,,НЕТ,"{""error_message"":""Должно быть заполнено одно из полей: taskTypeId | name""}"
Костишина Наталья - тс25,14,Товары из натурального меха,НЕТ,400,,НЕТ,"{""error_message"":""Должно быть заполнено одно из полей: taskTypeId | name""}"
Костишина Наталья - тс25,15,Пиво,НЕТ,400,,НЕТ,"{""error_message"":""Должно быть заполнено одно из полей: taskTypeId | name""}"
Костишина Наталья - тс25,22,Безалкогольное пиво,НЕТ,400,,НЕТ,"{""error_message"":""Должно быть заполнено одно из полей: taskTypeId | name""}"
Костишина Наталья - тс25,23,Соковая продукция,НЕТ,400,,НЕТ,"{""error_message"":""Должно быть заполнено одно из полей: taskTypeId | name""}"
Костишина Наталья - тс25,26,Ветеринарные препараты,НЕТ,400,,НЕТ,"{""error_message"":""Должно быть заполнено одно из полей: taskTypeId | name""}"
Костишина Наталья - тс25,27,Игры и игрушки,НЕТ,400,,НЕТ,"{""error_message"":""Должно быть заполнено одно из полей: taskTypeId | name""}"
Костишина Наталья - тс25,28,Радиоэлектронная продукция,НЕТ,400,,НЕТ,"{""error_message"":""Должно быть заполнено одно из полей: taskTypeId | name""}"
Костишина Наталья - тс25,21,Морепродукты,НЕТ,400,,НЕТ,"{""error_message"":""Должно быть заполнено одно из полей: taskTypeId | name""}"
Костишина Наталья - тс25,17,БАДы,НЕТ,400,,НЕТ,"{""error_message"":""Должно быть заполнено одно из полей: taskTypeId | name""}"
Костишина Наталья - тс25,19,Антисептики,НЕТ,400,,НЕТ,"{""error_message"":""Должно быть заполнено одно из полей: taskTypeId | name""}"
Костишина Наталья - тс25,35,Парфюмерия и косметика,НЕТ,400,,НЕТ,"{""error_message"":""Должно быть заполнено одно из полей: taskTypeId | name""}"
Костишина Наталья - тс25,38,Лекарственные средства,НЕТ,400,,НЕТ,"{""error_message"":""Должно быть заполнено одно из полей: taskTypeId | name""}"
ТОРГСЕРВИС 75,1,Предметы одежды,НЕТ,400,,НЕТ,"{""error_message"":""Должно быть заполнено одно из полей: taskTypeId | name""}"
ТОРГСЕРВИС 75,2,Обувные товары,НЕТ,400,,НЕТ,"{""error_message"":""Должно быть заполнено одно из полей: taskTypeId | name""}"
ТОРГСЕРВИС 75,3,Табачная продукция,НЕТ,400,,НЕТ,"{""error_message"":""Должно быть заполнено одно из полей: taskTypeId | name""}"
ТОРГСЕРВИС 75,4,Духи и туалетная вода,НЕТ,400,,НЕТ,"{""error_message"":""Должно быть заполнено одно из полей: taskTypeId | name""}"
ТОРГСЕРВИС 75,5,Шины и покрышки,НЕТ,400,,НЕТ,"{""error_message"":""Должно быть заполнено одно из полей: taskTypeId | name""}"
ТОРГСЕРВИС 75,6,Фотокамеры,НЕТ,400,,НЕТ,"{""error_message"":""Должно быть заполнено одно из полей: taskTypeId | name""}"
ТОРГСЕРВИС 75,8,Молочная продукция,НЕТ,400,,НЕТ,"{""error_message"":""Должно быть заполнено одно из полей: taskTypeId | name""}"
ТОРГСЕРВИС 75,9,Велосипеды,НЕТ,400,,НЕТ,"{""error_message"":""Должно быть заполнено одно из полей: taskTypeId | name""}"
ТОРГСЕРВИС 75,10,Медицинские изделия,НЕТ,400,,НЕТ,"{""error_message"":""Должно быть заполнено одно из полей: taskTypeId | name""}"
ТОРГСЕРВИС 75,11,Слабоалкогольные напитки,НЕТ,400,,НЕТ,"{""error_message"":""Должно быть заполнено одно из полей: taskTypeId | name""}"
ТОРГСЕРВИС 75,12,Альтернативная табачная продукция,НЕТ,400,,НЕТ,"{""error_message"":""Должно быть заполнено одно из полей: taskTypeId | name""}"
ТОРГСЕРВИС 75,13,Упакованная вода,НЕТ,400,,НЕТ,"{""error_message"":""Должно быть заполнено одно из полей: taskTypeId | name""}"
ТОРГСЕРВИС 75,14,Товары из натурального меха,НЕТ,400,,НЕТ,"{""error_message"":""Должно быть заполнено одно из полей: taskTypeId | name""}"
ТОРГСЕРВИС 75,15,Пиво,НЕТ,400,,НЕТ,"{""error_message"":""Должно быть заполнено одно из полей: taskTypeId | name""}"
ТОРГСЕРВИС 75,22,Безалкогольное пиво,НЕТ,400,,НЕТ,"{""error_message"":""Должно быть заполнено одно из полей: taskTypeId | name""}"
ТОРГСЕРВИС 75,23,Соковая продукция,НЕТ,400,,НЕТ,"{""error_message"":""Должно быть заполнено одно из полей: taskTypeId | name""}"
ТОРГСЕРВИС 75,26,Ветеринарные препараты,НЕТ,400,,НЕТ,"{""error_message"":""Должно быть заполнено одно из полей: taskTypeId | name""}"
ТОРГСЕРВИС 75,27,Игры и игрушки,НЕТ,400,,НЕТ,"{""error_message"":""Должно быть заполнено одно из полей: taskTypeId | name""}"
ТОРГСЕРВИС 75,28,Радиоэлектронная продукция,НЕТ,400,,НЕТ,"{""error_message"":""Должно быть заполнено одно из полей: taskTypeId | name""}"
ТОРГСЕРВИС 75,21,Морепродукты,НЕТ,400,,НЕТ,"{""error_message"":""Должно быть заполнено одно из полей: taskTypeId | name""}"
ТОРГСЕРВИС 75,17,БАДы,НЕТ,400,,НЕТ,"{""error_message"":""Должно быть заполнено одно из полей: taskTypeId | name""}"
ТОРГСЕРВИС 75,19,Антисептики,НЕТ,400,,НЕТ,"{""error_message"":""Должно быть заполнено одно из полей: taskTypeId | name""}"
ТОРГСЕРВИС 75,35,Парфюмерия и косметика,НЕТ,400,,НЕТ,"{""error_message"":""Должно быть заполнено одно из полей: taskTypeId | name""}"
ТОРГСЕРВИС 75,38,Лекарственные средства,НЕТ,400,,НЕТ,"{""error_message"":""Должно быть заполнено одно из полей: taskTypeId | name""}"
Дорофеева Светлана - тс127,1,Предметы одежды,НЕТ,400,,НЕТ,"{""error_message"":""Должно быть заполнено одно из полей: taskTypeId | name""}"
Дорофеева Светлана - тс127,2,Обувные товары,НЕТ,400,,НЕТ,"{""error_message"":""Должно быть заполнено одно из полей: taskTypeId | name""}"
Дорофеева Светлана - тс127,3,Табачная продукция,НЕТ,400,,НЕТ,"{""error_message"":""Должно быть заполнено одно из полей: taskTypeId | name""}"
Дорофеева Светлана - тс127,4,Духи и туалетная вода,НЕТ,400,,НЕТ,"{""error_message"":""Должно быть заполнено одно из полей: taskTypeId | name""}"
Дорофеева Светлана - тс127,5,Шины и покрышки,НЕТ,400,,НЕТ,"{""error_message"":""Должно быть заполнено одно из полей: taskTypeId | name""}"
Дорофеева Светлана - тс127,6,Фотокамеры,НЕТ,400,,НЕТ,"{""error_message"":""Должно быть заполнено одно из полей: taskTypeId | name""}"
Дорофеева Светлана - тс127,8,Молочная продукция,НЕТ,400,,НЕТ,"{""error_message"":""Должно быть заполнено одно из полей: taskTypeId | name""}"
Дорофеева Светлана - тс127,9,Велосипеды,НЕТ,400,,НЕТ,"{""error_message"":""Должно быть заполнено одно из полей: taskTypeId | name""}"
Дорофеева Светлана - тс127,10,Медицинские изделия,НЕТ,400,,НЕТ,"{""error_message"":""Должно быть заполнено одно из полей: taskTypeId | name""}"
Дорофеева Светлана - тс127,11,Слабоалкогольные напитки,НЕТ,400,,НЕТ,"{""error_message"":""Должно быть заполнено одно из полей: taskTypeId | name""}"
Дорофеева Светлана - тс127,12,Альтернативная табачная продукция,НЕТ,400,,НЕТ,"{""error_message"":""Должно быть заполнено одно из полей: taskTypeId | name""}"
Дорофеева Светлана - тс127,13,Упакованная вода,НЕТ,400,,НЕТ,"{""error_message"":""Должно быть заполнено одно из полей: taskTypeId | name""}"
Дорофеева Светлана - тс127,14,Товары из натурального меха,НЕТ,400,,НЕТ,"{""error_message"":""Должно быть заполнено одно из полей: taskTypeId | name""}"
Дорофеева Светлана - тс127,15,Пиво,НЕТ,400,,НЕТ,"{""error_message"":""Должно быть заполнено одно из полей: taskTypeId | name""}"
Дорофеева Светлана - тс127,22,Безалкогольное пиво,НЕТ,400,,НЕТ,"{""error_message"":""Должно быть заполнено одно из полей: taskTypeId | name""}"
Дорофеева Светлана - тс127,23,Соковая продукция,НЕТ,400,,НЕТ,"{""error_message"":""Должно быть заполнено одно из полей: taskTypeId | name""}"
Дорофеева Светлана - тс127,26,Ветеринарные препараты,НЕТ,400,,НЕТ,"{""error_message"":""Должно быть заполнено одно из полей: taskTypeId | name""}"
Дорофеева Светлана - тс127,27,Игры и игрушки,НЕТ,400,,НЕТ,"{""error_message"":""Должно быть заполнено одно из полей: taskTypeId | name""}"
Дорофеева Светлана - тс127,28,Радиоэлектронная продукция,НЕТ,400,,НЕТ,"{""error_message"":""Должно быть заполнено одно из полей: taskTypeId | name""}"
Дорофеева Светлана - тс127,21,Морепродукты,НЕТ,400,,НЕТ,"{""error_message"":""Должно быть заполнено одно из полей: taskTypeId | name""}"
Дорофеева Светлана - тс127,17,БАДы,НЕТ,400,,НЕТ,"{""error_message"":""Должно быть заполнено одно из полей: taskTypeId | name""}"
Дорофеева Светлана - тс127,19,Антисептики,НЕТ,400,,НЕТ,"{""error_message"":""Должно быть заполнено одно из полей: taskTypeId | name""}"
Дорофеева Светлана - тс127,35,Парфюмерия и косметика,НЕТ,400,,НЕТ,"{""error_message"":""Должно быть заполнено одно из полей: taskTypeId | name""}"
Дорофеева Светлана - тс127,38,Лекарственные средства,НЕТ,400,,НЕТ,"{""error_message"":""Должно быть заполнено одно из полей: taskTypeId | name""}"
Дорофеева Светлана - тс27,1,Предметы одежды,НЕТ,400,,НЕТ,"{""error_message"":""Должно быть заполнено одно из полей: taskTypeId | name""}"
Дорофеева Светлана - тс27,2,Обувные товары,НЕТ,400,,НЕТ,"{""error_message"":""Должно быть заполнено одно из полей: taskTypeId | name""}"
Дорофеева Светлана - тс27,3,Табачная продукция,НЕТ,400,,НЕТ,"{""error_message"":""Должно быть заполнено одно из полей: taskTypeId | name""}"
Дорофеева Светлана - тс27,4,Духи и туалетная вода,НЕТ,400,,НЕТ,"{""error_message"":""Должно быть заполнено одно из полей: taskTypeId | name""}"
Дорофеева Светлана - тс27,5,Шины и покрышки,НЕТ,400,,НЕТ,"{""error_message"":""Должно быть заполнено одно из полей: taskTypeId | name""}"
Дорофеева Светлана - тс27,6,Фотокамеры,НЕТ,400,,НЕТ,"{""error_message"":""Должно быть заполнено одно из полей: taskTypeId | name""}"
Дорофеева Светлана - тс27,8,Молочная продукция,НЕТ,400,,НЕТ,"{""error_message"":""Должно быть заполнено одно из полей: taskTypeId | name""}"
Дорофеева Светлана - тс27,9,Велосипеды,НЕТ,400,,НЕТ,"{""error_message"":""Должно быть заполнено одно из полей: taskTypeId | name""}"
Дорофеева Светлана - тс27,10,Медицинские изделия,НЕТ,400,,НЕТ,"{""error_message"":""Должно быть заполнено одно из полей: taskTypeId | name""}"
Дорофеева Светлана - тс27,11,Слабоалкогольные напитки,НЕТ,400,,НЕТ,"{""error_message"":""Должно быть заполнено одно из полей: taskTypeId | name""}"
Дорофеева Светлана - тс27,12,Альтернативная табачная продукция,НЕТ,400,,НЕТ,"{""error_message"":""Должно быть заполнено одно из полей: taskTypeId | name""}"
Дорофеева Светлана - тс27,13,Упакованная вода,НЕТ,400,,НЕТ,"{""error_message"":""Должно быть заполнено одно из полей: taskTypeId | name""}"
Дорофеева Светлана - тс27,14,Товары из натурального меха,НЕТ,400,,НЕТ,"{""error_message"":""Должно быть заполнено одно из полей: taskTypeId | name""}"
Дорофеева Светлана - тс27,15,Пиво,НЕТ,400,,НЕТ,"{""error_message"":""Должно быть заполнено одно из полей: taskTypeId | name""}"
Дорофеева Светлана - тс27,22,Безалкогольное пиво,НЕТ,400,,НЕТ,"{""error_message"":""Должно быть заполнено одно из полей: taskTypeId | name""}"
Дорофеева Светлана - тс27,23,Соковая продукция,НЕТ,400,,НЕТ,"{""error_message"":""Должно быть заполнено одно из полей: taskTypeId | name""}"
Дорофеева Светлана - тс27,26,Ветеринарные препараты,НЕТ,400,,НЕТ,"{""error_message"":""Должно быть заполнено одно из полей: taskTypeId | name""}"
Дорофеева Светлана - тс27,27,Игры и игрушки,НЕТ,400,,НЕТ,"{""error_message"":""Должно быть заполнено одно из полей: taskTypeId | name""}"
Дорофеева Светлана - тс27,28,Радиоэлектронная продукция,НЕТ,400,,НЕТ,"{""error_message"":""Должно быть заполнено одно из полей: taskTypeId | name""}"
Дорофеева Светлана - тс27,21,Морепродукты,НЕТ,400,,НЕТ,"{""error_message"":""Должно быть заполнено одно из полей: taskTypeId | name""}"
Дорофеева Светлана - тс27,17,БАДы,НЕТ,400,,НЕТ,"{""error_message"":""Должно быть заполнено одно из полей: taskTypeId | name""}"
Дорофеева Светлана - тс27,19,Антисептики,НЕТ,400,,НЕТ,"{""error_message"":""Должно быть заполнено одно из полей: taskTypeId | name""}"
Дорофеева Светлана - тс27,35,Парфюмерия и косметика,НЕТ,400,,НЕТ,"{""error_message"":""Должно быть заполнено одно из полей: taskTypeId | name""}"
Дорофеева Светлана - тс27,38,Лекарственные средства,НЕТ,400,,НЕТ,"{""error_message"":""Должно быть заполнено одно из полей: taskTypeId | name""}"
